"data","rgn_id_2013","habitat","value"
"hab_extent",1,"coral",102.17
"hab_extent",2,"coral",1.7465
"hab_extent",5,"coral",4381.1
"hab_extent",6,"coral",459.33
"hab_extent",7,"coral",2197.97
"hab_extent",8,"coral",496.006
"hab_extent",9,"coral",3060.74
"hab_extent",10,"coral",3.493
"hab_extent",11,"coral",1789.29
"hab_extent",12,"coral",7.85926
"hab_extent",13,"coral",169.411
"hab_extent",14,"coral",330.962
"hab_extent",15,"coral",9668.63
"hab_extent",16,"coral",31682.4
"hab_extent",17,"coral",6471.66
"hab_extent",18,"coral",3011.84
"hab_extent",19,"coral",889.843
"hab_extent",24,"coral",29.6905
"hab_extent",25,"coral",155.439
"hab_extent",26,"coral",645.332
"hab_extent",28,"coral",160.678
"hab_extent",29,"coral",280.314
"hab_extent",30,"coral",165.918
"hab_extent",31,"coral",1428.64
"hab_extent",32,"coral",9.60576
"hab_extent",33,"coral",50.6485
"hab_extent",34,"coral",31.437
"hab_extent",35,"coral",6.11276
"hab_extent",36,"coral",6.11276
"hab_extent",37,"coral",654.065
"hab_extent",38,"coral",1767.46
"hab_extent",39,"coral",2634.6
"hab_extent",40,"coral",96.0576
"hab_extent",41,"coral",1496.75
"hab_extent",42,"coral",2066.98
"hab_extent",43,"coral",385.977
"hab_extent",44,"coral",341.441
"hab_extent",45,"coral",1323.85
"hab_extent",46,"coral",126.621
"hab_extent",47,"coral",574.599
"hab_extent",48,"coral",227.045
"hab_extent",49,"coral",602.543
"hab_extent",50,"coral",2712.32
"hab_extent",51,"coral",41.0428
"hab_extent",52,"coral",199.101
"hab_extent",54,"coral",121.382
"hab_extent",79,"coral",0.873251
"hab_extent",102,"coral",0.873251
"hab_extent",108,"coral",525.697
"hab_extent",110,"coral",1944.73
"hab_extent",111,"coral",159.805
"hab_extent",112,"coral",2484.4
"hab_extent",113,"coral",100.424
"hab_extent",114,"coral",246.257
"hab_extent",115,"coral",259.355
"hab_extent",116,"coral",177.27
"hab_extent",117,"coral",124.875
"hab_extent",118,"coral",20.0848
"hab_extent",119,"coral",34.0568
"hab_extent",120,"coral",38.423
"hab_extent",122,"coral",15.7185
"hab_extent",123,"coral",8.73251
"hab_extent",124,"coral",19.2115
"hab_extent",125,"coral",41.0428
"hab_extent",126,"coral",13.0988
"hab_extent",127,"coral",21.8313
"hab_extent",129,"coral",510.852
"hab_extent",130,"coral",55.888
"hab_extent",131,"coral",456.71
"hab_extent",132,"coral",882.857
"hab_extent",133,"coral",626.994
"hab_extent",135,"coral",907.308
"hab_extent",137,"coral",71.6066
"hab_extent",139,"coral",308.258
"hab_extent",140,"coral",128.368
"hab_extent",146,"coral",30.5638
"hab_extent",147,"coral",2537.67
"hab_extent",148,"coral",135.354
"hab_extent",150,"coral",63.7473
"hab_extent",151,"coral",34.0568
"hab_extent",152,"coral",138.847
"hab_extent",153,"coral",220.932
"hab_extent",154,"coral",5.2395
"hab_extent",155,"coral",898.575
"hab_extent",156,"coral",76.8461
"hab_extent",157,"coral",48.902
"hab_extent",158,"coral",7.85926
"hab_extent",159,"coral",72.4798
"hab_extent",161,"coral",378.118
"hab_extent",163,"coral",3968.92
"hab_extent",164,"coral",863.645
"hab_extent",166,"coral",351.92
"hab_extent",171,"coral",664.544
"hab_extent",190,"coral",155.439
"hab_extent",191,"coral",103.917
"hab_extent",202,"coral",1559.63
"hab_extent",203,"coral",1212.95
"hab_extent",204,"coral",3.493
"hab_extent",205,"coral",538.796
"hab_extent",206,"coral",1408.55
"hab_extent",207,"coral",364.146
"hab_extent",208,"coral",3.493
"hab_extent",209,"coral",261.102
"hab_extent",210,"coral",845.307
"hab_extent",212,"coral",1501.99
"hab_extent",214,"coral",1576.22
"hab_extent",215,"coral",1.7465
"hab_extent",216,"coral",15690.6
"hab_extent",220,"coral",1.7465
"hab_extent",221,"coral",9.60576
"hab_extent",231,"coral",16.5918
"hab_extent",237,"coral",1.7465
"hab_extent",244,"coral",17.465
"hab_extent",245,"coral",12.2255
"hab_extent",247,"coral",67.2403
"hab_extent",248,"coral",161.551
"hab_extent",249,"coral",10.479
"hab_extent",250,"coral",46.2823
"hab_extent",255,"coral",3602.16
"hab_extent",1,"mangrove",0
"hab_extent",2,"mangrove",0
"hab_extent",3,"mangrove",0
"hab_extent",4,"mangrove",0
"hab_extent",5,"mangrove",249.7493
"hab_extent",6,"mangrove",7.859251
"hab_extent",7,"mangrove",475.049201
"hab_extent",8,"mangrove",48.02875
"hab_extent",9,"mangrove",94.311111
"hab_extent",10,"mangrove",0
"hab_extent",11,"mangrove",0
"hab_extent",12,"mangrove",0
"hab_extent",13,"mangrove",0
"hab_extent",14,"mangrove",0
"hab_extent",15,"mangrove",2629.357553
"hab_extent",16,"mangrove",9622.347451
"hab_extent",17,"mangrove",4691.1013
"hab_extent",18,"mangrove",766.713351
"hab_extent",19,"mangrove",0
"hab_extent",20,"mangrove",0
"hab_extent",21,"mangrove",0
"hab_extent",24,"mangrove",485.5273
"hab_extent",25,"mangrove",2507.1078
"hab_extent",26,"mangrove",640.09235
"hab_extent",28,"mangrove",0
"hab_extent",29,"mangrove",7.85926
"hab_extent",30,"mangrove",0
"hab_extent",31,"mangrove",9.60576
"hab_extent",32,"mangrove",0
"hab_extent",33,"mangrove",0
"hab_extent",34,"mangrove",0
"hab_extent",35,"mangrove",6.11276
"hab_extent",36,"mangrove",0
"hab_extent",37,"mangrove",0
"hab_extent",38,"mangrove",0
"hab_extent",39,"mangrove",0.873251
"hab_extent",40,"mangrove",201.72086
"hab_extent",41,"mangrove",3233.6481
"hab_extent",42,"mangrove",2734.14806
"hab_extent",43,"mangrove",333.5816
"hab_extent",44,"mangrove",25.324252
"hab_extent",45,"mangrove",60.25431
"hab_extent",46,"mangrove",4.36625
"hab_extent",47,"mangrove",11.352261
"hab_extent",48,"mangrove",1.7465
"hab_extent",49,"mangrove",2.619751
"hab_extent",50,"mangrove",77.71938
"hab_extent",51,"mangrove",0
"hab_extent",52,"mangrove",0
"hab_extent",53,"mangrove",500.37231
"hab_extent",54,"mangrove",124.0018
"hab_extent",55,"mangrove",0
"hab_extent",56,"mangrove",0
"hab_extent",57,"mangrove",0
"hab_extent",58,"mangrove",0
"hab_extent",59,"mangrove",0
"hab_extent",60,"mangrove",0
"hab_extent",61,"mangrove",0
"hab_extent",62,"mangrove",0
"hab_extent",63,"mangrove",0
"hab_extent",64,"mangrove",0
"hab_extent",65,"mangrove",725.6715
"hab_extent",66,"mangrove",1399.81676
"hab_extent",67,"mangrove",0
"hab_extent",68,"mangrove",0
"hab_extent",69,"mangrove",0
"hab_extent",70,"mangrove",0
"hab_extent",71,"mangrove",0
"hab_extent",72,"mangrove",0
"hab_extent",73,"mangrove",0
"hab_extent",74,"mangrove",0
"hab_extent",75,"mangrove",0
"hab_extent",76,"mangrove",0
"hab_extent",77,"mangrove",0
"hab_extent",78,"mangrove",0
"hab_extent",79,"mangrove",0
"hab_extent",80,"mangrove",0
"hab_extent",81,"mangrove",0
"hab_extent",82,"mangrove",0
"hab_extent",84,"mangrove",0
"hab_extent",85,"mangrove",0
"hab_extent",86,"mangrove",0
"hab_extent",88,"mangrove",0
"hab_extent",89,"mangrove",0
"hab_extent",90,"mangrove",0
"hab_extent",91,"mangrove",0
"hab_extent",92,"mangrove",0
"hab_extent",93,"mangrove",0
"hab_extent",94,"mangrove",0
"hab_extent",95,"mangrove",0
"hab_extent",96,"mangrove",1562.25
"hab_extent",97,"mangrove",89.9449
"hab_extent",98,"mangrove",0
"hab_extent",99,"mangrove",50.6485
"hab_extent",100,"mangrove",3.493
"hab_extent",101,"mangrove",0
"hab_extent",102,"mangrove",15.7185
"hab_extent",103,"mangrove",0
"hab_extent",104,"mangrove",121.3815
"hab_extent",105,"mangrove",0
"hab_extent",106,"mangrove",136.227161
"hab_extent",107,"mangrove",0
"hab_extent",108,"mangrove",0
"hab_extent",110,"mangrove",840.9408
"hab_extent",111,"mangrove",172.9035
"hab_extent",112,"mangrove",4283.293
"hab_extent",113,"mangrove",84.7053
"hab_extent",114,"mangrove",149.325551
"hab_extent",115,"mangrove",180.76305
"hab_extent",116,"mangrove",78.5926
"hab_extent",117,"mangrove",0
"hab_extent",118,"mangrove",0
"hab_extent",119,"mangrove",0.873251
"hab_extent",120,"mangrove",9.60576
"hab_extent",121,"mangrove",0
"hab_extent",122,"mangrove",1.746502
"hab_extent",123,"mangrove",0
"hab_extent",124,"mangrove",0
"hab_extent",125,"mangrove",3.493
"hab_extent",126,"mangrove",68.11361
"hab_extent",127,"mangrove",0
"hab_extent",129,"mangrove",1545.6538
"hab_extent",130,"mangrove",388.59731
"hab_extent",131,"mangrove",763.2206
"hab_extent",132,"mangrove",2101.03701
"hab_extent",133,"mangrove",649.6988
"hab_extent",134,"mangrove",340.56751
"hab_extent",135,"mangrove",7214.80096
"hab_extent",136,"mangrove",356.28606
"hab_extent",137,"mangrove",1409.42406
"hab_extent",138,"mangrove",40.1695
"hab_extent",139,"mangrove",3415.28356
"hab_extent",140,"mangrove",45.4091
"hab_extent",141,"mangrove",0
"hab_extent",143,"mangrove",0
"hab_extent",144,"mangrove",0
"hab_extent",145,"mangrove",0
"hab_extent",146,"mangrove",0
"hab_extent",147,"mangrove",0
"hab_extent",148,"mangrove",0
"hab_extent",149,"mangrove",0
"hab_extent",150,"mangrove",0
"hab_extent",151,"mangrove",0
"hab_extent",152,"mangrove",4.36625
"hab_extent",153,"mangrove",0
"hab_extent",154,"mangrove",0
"hab_extent",155,"mangrove",6.986
"hab_extent",156,"mangrove",0
"hab_extent",157,"mangrove",0
"hab_extent",158,"mangrove",0
"hab_extent",159,"mangrove",0
"hab_extent",161,"mangrove",0
"hab_extent",162,"mangrove",317.8633
"hab_extent",163,"mangrove",2406.675301
"hab_extent",164,"mangrove",576.345
"hab_extent",166,"mangrove",101.29705
"hab_extent",167,"mangrove",234.904
"hab_extent",168,"mangrove",751.868
"hab_extent",169,"mangrove",902.941
"hab_extent",171,"mangrove",10523.54276
"hab_extent",172,"mangrove",0
"hab_extent",173,"mangrove",0
"hab_extent",174,"mangrove",0
"hab_extent",175,"mangrove",0
"hab_extent",176,"mangrove",0
"hab_extent",177,"mangrove",0
"hab_extent",178,"mangrove",0
"hab_extent",179,"mangrove",0
"hab_extent",180,"mangrove",0
"hab_extent",181,"mangrove",0
"hab_extent",182,"mangrove",0
"hab_extent",183,"mangrove",0
"hab_extent",184,"mangrove",0
"hab_extent",185,"mangrove",0
"hab_extent",186,"mangrove",0
"hab_extent",187,"mangrove",0
"hab_extent",188,"mangrove",0
"hab_extent",189,"mangrove",0
"hab_extent",190,"mangrove",4.366251
"hab_extent",191,"mangrove",106.536651
"hab_extent",192,"mangrove",0
"hab_extent",193,"mangrove",3473.793
"hab_extent",194,"mangrove",2477.414
"hab_extent",195,"mangrove",20.958
"hab_extent",196,"mangrove",7043.6384
"hab_extent",197,"mangrove",2012.8448
"hab_extent",198,"mangrove",1364.01936
"hab_extent",199,"mangrove",186.0025
"hab_extent",200,"mangrove",294.2853
"hab_extent",202,"mangrove",942.2379
"hab_extent",203,"mangrove",3289.53701
"hab_extent",204,"mangrove",4411.6613
"hab_extent",205,"mangrove",5093.6661
"hab_extent",206,"mangrove",5554.74715
"hab_extent",207,"mangrove",2122.0002
"hab_extent",208,"mangrove",0
"hab_extent",209,"mangrove",0
"hab_extent",210,"mangrove",0
"hab_extent",212,"mangrove",0
"hab_extent",213,"mangrove",0
"hab_extent",214,"mangrove",0.873251
"hab_extent",215,"mangrove",0
"hab_extent",216,"mangrove",27214.000451
"hab_extent",218,"mangrove",0
"hab_extent",219,"mangrove",0
"hab_extent",220,"mangrove",0
"hab_extent",221,"mangrove",0
"hab_extent",222,"mangrove",0
"hab_extent",223,"mangrove",0
"hab_extent",224,"mangrove",0
"hab_extent",227,"mangrove",0
"hab_extent",228,"mangrove",0
"hab_extent",231,"mangrove",6.986
"hab_extent",232,"mangrove",0
"hab_extent",237,"mangrove",0.873251
"hab_extent",244,"mangrove",0.873251
"hab_extent",245,"mangrove",2.61975
"hab_extent",247,"mangrove",114.39576
"hab_extent",248,"mangrove",0
"hab_extent",249,"mangrove",0
"hab_extent",250,"mangrove",0.873251
"hab_extent",255,"mangrove",101.29706
"hab_extent",260,"mangrove",0
"hab_extent",261,"mangrove",0
"hab_extent",262,"mangrove",0
"hab_extent",264,"mangrove",0
"hab_extent",266,"mangrove",0
"hab_extent",267,"mangrove",0
"hab_extent",268,"mangrove",0
"hab_extent",269,"mangrove",0
"hab_extent",270,"mangrove",0
"hab_extent",271,"mangrove",0
"hab_extent",273,"mangrove",0
"hab_extent",274,"mangrove",0
"hab_extent",276,"mangrove",0
"hab_extent",277,"mangrove",0
"hab_extent",278,"mangrove",0
"hab_extent",5,"mangrove_inland1km",72.4798
"hab_extent",6,"mangrove_inland1km",3.493001
"hab_extent",7,"mangrove_inland1km",140.593351
"hab_extent",8,"mangrove_inland1km",18.33826
"hab_extent",9,"mangrove_inland1km",32.31031
"hab_extent",15,"mangrove_inland1km",774.57406
"hab_extent",16,"mangrove_inland1km",2583.0744
"hab_extent",17,"mangrove_inland1km",829.588
"hab_extent",18,"mangrove_inland1km",217.4391
"hab_extent",24,"mangrove_inland1km",82.0856
"hab_extent",25,"mangrove_inland1km",356.2858
"hab_extent",26,"mangrove_inland1km",190.368251
"hab_extent",29,"mangrove_inland1km",3.493
"hab_extent",40,"mangrove_inland1km",34.9301
"hab_extent",41,"mangrove_inland1km",583.3311
"hab_extent",42,"mangrove_inland1km",478.54206
"hab_extent",43,"mangrove_inland1km",74.2263
"hab_extent",44,"mangrove_inland1km",1.746502
"hab_extent",45,"mangrove_inland1km",24.45106
"hab_extent",46,"mangrove_inland1km",3.493
"hab_extent",47,"mangrove_inland1km",4.366251
"hab_extent",48,"mangrove_inland1km",1.7465
"hab_extent",49,"mangrove_inland1km",0.873251
"hab_extent",50,"mangrove_inland1km",23.57777
"hab_extent",53,"mangrove_inland1km",28.8173
"hab_extent",54,"mangrove_inland1km",20.0848
"hab_extent",65,"mangrove_inland1km",3.493
"hab_extent",66,"mangrove_inland1km",23.57775
"hab_extent",96,"mangrove_inland1km",125.748
"hab_extent",97,"mangrove_inland1km",14.8453
"hab_extent",99,"mangrove_inland1km",1.7465
"hab_extent",102,"mangrove_inland1km",0.873251
"hab_extent",104,"mangrove_inland1km",5.2395
"hab_extent",106,"mangrove_inland1km",27.94405
"hab_extent",110,"mangrove_inland1km",224.425
"hab_extent",111,"mangrove_inland1km",55.0148
"hab_extent",112,"mangrove_inland1km",1087.198
"hab_extent",113,"mangrove_inland1km",20.958
"hab_extent",114,"mangrove_inland1km",60.2543
"hab_extent",115,"mangrove_inland1km",53.2683
"hab_extent",116,"mangrove_inland1km",16.59176
"hab_extent",120,"mangrove_inland1km",1.7465
"hab_extent",122,"mangrove_inland1km",0.873251
"hab_extent",126,"mangrove_inland1km",6.11276
"hab_extent",129,"mangrove_inland1km",290.79276
"hab_extent",130,"mangrove_inland1km",82.0856
"hab_extent",131,"mangrove_inland1km",88.1984
"hab_extent",132,"mangrove_inland1km",188.6221
"hab_extent",133,"mangrove_inland1km",68.1135
"hab_extent",134,"mangrove_inland1km",33.1835
"hab_extent",135,"mangrove_inland1km",851.4193
"hab_extent",136,"mangrove_inland1km",75.09951
"hab_extent",137,"mangrove_inland1km",162.42425
"hab_extent",138,"mangrove_inland1km",13.972051
"hab_extent",139,"mangrove_inland1km",398.2018
"hab_extent",140,"mangrove_inland1km",8.73251
"hab_extent",152,"mangrove_inland1km",3.493
"hab_extent",155,"mangrove_inland1km",0.873251
"hab_extent",162,"mangrove_inland1km",75.0996
"hab_extent",163,"mangrove_inland1km",467.18875
"hab_extent",164,"mangrove_inland1km",174.65
"hab_extent",166,"mangrove_inland1km",38.42301
"hab_extent",167,"mangrove_inland1km",49.7753
"hab_extent",168,"mangrove_inland1km",122.255
"hab_extent",169,"mangrove_inland1km",132.7341
"hab_extent",171,"mangrove_inland1km",1223.4245
"hab_extent",190,"mangrove_inland1km",0.873251
"hab_extent",191,"mangrove_inland1km",30.563751
"hab_extent",193,"mangrove_inland1km",251.496
"hab_extent",194,"mangrove_inland1km",213.9468
"hab_extent",195,"mangrove_inland1km",2.61975
"hab_extent",196,"mangrove_inland1km",219.1856
"hab_extent",197,"mangrove_inland1km",167.664
"hab_extent",198,"mangrove_inland1km",79.4658
"hab_extent",199,"mangrove_inland1km",14.8453
"hab_extent",200,"mangrove_inland1km",20.0848
"hab_extent",202,"mangrove_inland1km",151.9456
"hab_extent",203,"mangrove_inland1km",471.55556
"hab_extent",204,"mangrove_inland1km",189.49561
"hab_extent",205,"mangrove_inland1km",524.8241
"hab_extent",206,"mangrove_inland1km",539.6688
"hab_extent",207,"mangrove_inland1km",228.7917
"hab_extent",214,"mangrove_inland1km",0.873251
"hab_extent",216,"mangrove_inland1km",2900.06475
"hab_extent",231,"mangrove_inland1km",1.7465
"hab_extent",245,"mangrove_inland1km",0.873251
"hab_extent",247,"mangrove_inland1km",9.60576
"hab_extent",255,"mangrove_inland1km",34.0568
"hab_extent",5,"mangrove_offshore1km",40.1695
"hab_extent",6,"mangrove_offshore1km",1.7465
"hab_extent",7,"mangrove_offshore1km",93.43785
"hab_extent",8,"mangrove_offshore1km",14.84525
"hab_extent",9,"mangrove_offshore1km",28.817301
"hab_extent",15,"mangrove_offshore1km",537.049502
"hab_extent",16,"mangrove_offshore1km",1396.327851
"hab_extent",17,"mangrove_offshore1km",323.9764
"hab_extent",18,"mangrove_offshore1km",213.946551
"hab_extent",24,"mangrove_offshore1km",33.1835
"hab_extent",25,"mangrove_offshore1km",127.4946
"hab_extent",26,"mangrove_offshore1km",84.7053
"hab_extent",29,"mangrove_offshore1km",0.873251
"hab_extent",31,"mangrove_offshore1km",4.36625
"hab_extent",35,"mangrove_offshore1km",0.873251
"hab_extent",40,"mangrove_offshore1km",16.59177
"hab_extent",41,"mangrove_offshore1km",377.2441
"hab_extent",42,"mangrove_offshore1km",264.59516
"hab_extent",43,"mangrove_offshore1km",55.888
"hab_extent",44,"mangrove_offshore1km",6.112751
"hab_extent",45,"mangrove_offshore1km",20.08476
"hab_extent",47,"mangrove_offshore1km",0.873251
"hab_extent",49,"mangrove_offshore1km",0.873251
"hab_extent",50,"mangrove_offshore1km",27.94402
"hab_extent",53,"mangrove_offshore1km",11.35226
"hab_extent",54,"mangrove_offshore1km",13.972
"hab_extent",65,"mangrove_offshore1km",1.7465
"hab_extent",66,"mangrove_offshore1km",6.11276
"hab_extent",96,"mangrove_offshore1km",104.79
"hab_extent",97,"mangrove_offshore1km",14.8453
"hab_extent",102,"mangrove_offshore1km",1.7465
"hab_extent",104,"mangrove_offshore1km",1.7465
"hab_extent",106,"mangrove_offshore1km",15.718501
"hab_extent",110,"mangrove_offshore1km",130.98725
"hab_extent",111,"mangrove_offshore1km",37.5498
"hab_extent",112,"mangrove_offshore1km",745.756
"hab_extent",113,"mangrove_offshore1km",12.2255
"hab_extent",114,"mangrove_offshore1km",19.211551
"hab_extent",115,"mangrove_offshore1km",15.7185
"hab_extent",116,"mangrove_offshore1km",18.3383
"hab_extent",119,"mangrove_offshore1km",0.873251
"hab_extent",120,"mangrove_offshore1km",1.7465
"hab_extent",122,"mangrove_offshore1km",0.873251
"hab_extent",125,"mangrove_offshore1km",0.873251
"hab_extent",126,"mangrove_offshore1km",5.2395
"hab_extent",129,"mangrove_offshore1km",169.4105
"hab_extent",130,"mangrove_offshore1km",48.90206
"hab_extent",131,"mangrove_offshore1km",45.40906
"hab_extent",132,"mangrove_offshore1km",114.3958
"hab_extent",133,"mangrove_offshore1km",41.9161
"hab_extent",134,"mangrove_offshore1km",14.8453
"hab_extent",135,"mangrove_offshore1km",413.04806
"hab_extent",136,"mangrove_offshore1km",60.25431
"hab_extent",137,"mangrove_offshore1km",83.83206
"hab_extent",138,"mangrove_offshore1km",1.7465
"hab_extent",139,"mangrove_offshore1km",238.3978
"hab_extent",140,"mangrove_offshore1km",6.11276
"hab_extent",155,"mangrove_offshore1km",2.61975
"hab_extent",162,"mangrove_offshore1km",62.8741
"hab_extent",163,"mangrove_offshore1km",268.961501
"hab_extent",164,"mangrove_offshore1km",99.5506
"hab_extent",166,"mangrove_offshore1km",28.81725
"hab_extent",167,"mangrove_offshore1km",16.5918
"hab_extent",168,"mangrove_offshore1km",97.8041
"hab_extent",169,"mangrove_offshore1km",126.6213
"hab_extent",171,"mangrove_offshore1km",866.2653
"hab_extent",190,"mangrove_offshore1km",1.7465
"hab_extent",191,"mangrove_offshore1km",24.45105
"hab_extent",193,"mangrove_offshore1km",193.862
"hab_extent",194,"mangrove_offshore1km",99.5506
"hab_extent",195,"mangrove_offshore1km",2.61975
"hab_extent",196,"mangrove_offshore1km",128.3678
"hab_extent",197,"mangrove_offshore1km",77.7193
"hab_extent",198,"mangrove_offshore1km",59.38106
"hab_extent",199,"mangrove_offshore1km",5.2395
"hab_extent",200,"mangrove_offshore1km",12.2255
"hab_extent",202,"mangrove_offshore1km",81.2123
"hab_extent",203,"mangrove_offshore1km",231.41111
"hab_extent",204,"mangrove_offshore1km",69.86005
"hab_extent",205,"mangrove_offshore1km",201.721
"hab_extent",206,"mangrove_offshore1km",222.6789
"hab_extent",207,"mangrove_offshore1km",178.1432
"hab_extent",216,"mangrove_offshore1km",2187.493651
"hab_extent",231,"mangrove_offshore1km",4.36625
"hab_extent",237,"mangrove_offshore1km",0.873251
"hab_extent",247,"mangrove_offshore1km",3.493
"hab_extent",255,"mangrove_offshore1km",6.11276
"hab_extent",1,"rocky_reef",172.904
"hab_extent",2,"rocky_reef",147.579
"hab_extent",4,"rocky_reef",49.7753
"hab_extent",5,"rocky_reef",33671.7
"hab_extent",6,"rocky_reef",5009.84
"hab_extent",7,"rocky_reef",14921.2
"hab_extent",8,"rocky_reef",2232.03
"hab_extent",9,"rocky_reef",9104.51
"hab_extent",11,"rocky_reef",12553
"hab_extent",12,"rocky_reef",23.5778
"hab_extent",13,"rocky_reef",548.401
"hab_extent",14,"rocky_reef",2312.37
"hab_extent",15,"rocky_reef",127767
"hab_extent",16,"rocky_reef",101683
"hab_extent",17,"rocky_reef",32530.3
"hab_extent",18,"rocky_reef",24614.3
"hab_extent",19,"rocky_reef",475.922
"hab_extent",25,"rocky_reef",17355
"hab_extent",26,"rocky_reef",20011.4
"hab_extent",28,"rocky_reef",202.594
"hab_extent",29,"rocky_reef",49.7753
"hab_extent",30,"rocky_reef",152.819
"hab_extent",31,"rocky_reef",1779.69
"hab_extent",32,"rocky_reef",117.016
"hab_extent",33,"rocky_reef",87.3251
"hab_extent",35,"rocky_reef",41.0428
"hab_extent",36,"rocky_reef",4.36625
"hab_extent",37,"rocky_reef",1770.95
"hab_extent",38,"rocky_reef",5496.24
"hab_extent",39,"rocky_reef",22942.9
"hab_extent",40,"rocky_reef",1703.71
"hab_extent",41,"rocky_reef",6585.18
"hab_extent",42,"rocky_reef",4292.03
"hab_extent",43,"rocky_reef",938.745
"hab_extent",44,"rocky_reef",565.866
"hab_extent",45,"rocky_reef",1583.2
"hab_extent",46,"rocky_reef",630.487
"hab_extent",47,"rocky_reef",3148.94
"hab_extent",48,"rocky_reef",2965.56
"hab_extent",49,"rocky_reef",1642.58
"hab_extent",50,"rocky_reef",16328
"hab_extent",54,"rocky_reef",79.4658
"hab_extent",55,"rocky_reef",77.7193
"hab_extent",61,"rocky_reef",23438.1
"hab_extent",62,"rocky_reef",351.047
"hab_extent",67,"rocky_reef",7635.7
"hab_extent",68,"rocky_reef",15.7185
"hab_extent",71,"rocky_reef",183.383
"hab_extent",73,"rocky_reef",736.15
"hab_extent",76,"rocky_reef",277.694
"hab_extent",77,"rocky_reef",112.649
"hab_extent",78,"rocky_reef",20.958
"hab_extent",79,"rocky_reef",113.523
"hab_extent",80,"rocky_reef",1369.26
"hab_extent",81,"rocky_reef",20.0848
"hab_extent",82,"rocky_reef",434.006
"hab_extent",84,"rocky_reef",773.7
"hab_extent",89,"rocky_reef",128.368
"hab_extent",90,"rocky_reef",345.807
"hab_extent",91,"rocky_reef",2246.87
"hab_extent",92,"rocky_reef",18.3383
"hab_extent",93,"rocky_reef",2314.11
"hab_extent",98,"rocky_reef",637.473
"hab_extent",99,"rocky_reef",2210.2
"hab_extent",100,"rocky_reef",1579.71
"hab_extent",102,"rocky_reef",475.922
"hab_extent",103,"rocky_reef",46.2823
"hab_extent",104,"rocky_reef",664.544
"hab_extent",105,"rocky_reef",55.888
"hab_extent",106,"rocky_reef",22.7045
"hab_extent",108,"rocky_reef",728.291
"hab_extent",110,"rocky_reef",8622.48
"hab_extent",111,"rocky_reef",1979.66
"hab_extent",112,"rocky_reef",292.539
"hab_extent",113,"rocky_reef",186.876
"hab_extent",114,"rocky_reef",1589.32
"hab_extent",115,"rocky_reef",600.797
"hab_extent",116,"rocky_reef",59.3811
"hab_extent",117,"rocky_reef",377.244
"hab_extent",118,"rocky_reef",0.873251
"hab_extent",119,"rocky_reef",220.932
"hab_extent",120,"rocky_reef",854.913
"hab_extent",123,"rocky_reef",9.60576
"hab_extent",124,"rocky_reef",33.1835
"hab_extent",125,"rocky_reef",416.541
"hab_extent",126,"rocky_reef",283.806
"hab_extent",127,"rocky_reef",105.663
"hab_extent",129,"rocky_reef",24800.3
"hab_extent",130,"rocky_reef",3779.43
"hab_extent",131,"rocky_reef",47475.2
"hab_extent",132,"rocky_reef",17486.8
"hab_extent",133,"rocky_reef",21272.4
"hab_extent",134,"rocky_reef",1574.47
"hab_extent",135,"rocky_reef",10798.6
"hab_extent",136,"rocky_reef",800.771
"hab_extent",137,"rocky_reef",588.571
"hab_extent",139,"rocky_reef",8568.34
"hab_extent",140,"rocky_reef",1221.68
"hab_extent",141,"rocky_reef",5.2395
"hab_extent",143,"rocky_reef",1181.51
"hab_extent",144,"rocky_reef",157.185
"hab_extent",145,"rocky_reef",11519.9
"hab_extent",146,"rocky_reef",89.9448
"hab_extent",147,"rocky_reef",11885.8
"hab_extent",148,"rocky_reef",473.302
"hab_extent",150,"rocky_reef",32.3103
"hab_extent",151,"rocky_reef",343.188
"hab_extent",152,"rocky_reef",1124.75
"hab_extent",153,"rocky_reef",726.545
"hab_extent",154,"rocky_reef",46.2823
"hab_extent",155,"rocky_reef",3607.4
"hab_extent",156,"rocky_reef",158.932
"hab_extent",157,"rocky_reef",195.608
"hab_extent",158,"rocky_reef",14.8453
"hab_extent",161,"rocky_reef",318.737
"hab_extent",163,"rocky_reef",55055
"hab_extent",164,"rocky_reef",8685.35
"hab_extent",166,"rocky_reef",360.653
"hab_extent",168,"rocky_reef",537.922
"hab_extent",169,"rocky_reef",1966.56
"hab_extent",171,"rocky_reef",59817.7
"hab_extent",175,"rocky_reef",254.989
"hab_extent",179,"rocky_reef",36589.2
"hab_extent",180,"rocky_reef",11110.4
"hab_extent",181,"rocky_reef",5785.29
"hab_extent",182,"rocky_reef",54.1415
"hab_extent",183,"rocky_reef",1306.38
"hab_extent",184,"rocky_reef",4175.89
"hab_extent",185,"rocky_reef",2.61975
"hab_extent",187,"rocky_reef",27.944
"hab_extent",190,"rocky_reef",844.433
"hab_extent",191,"rocky_reef",1507.23
"hab_extent",196,"rocky_reef",25561.8
"hab_extent",197,"rocky_reef",570.233
"hab_extent",198,"rocky_reef",16495.7
"hab_extent",200,"rocky_reef",4811.61
"hab_extent",202,"rocky_reef",2762.09
"hab_extent",203,"rocky_reef",6347.66
"hab_extent",204,"rocky_reef",1234.78
"hab_extent",205,"rocky_reef",22223.4
"hab_extent",206,"rocky_reef",28655.7
"hab_extent",207,"rocky_reef",13361.6
"hab_extent",208,"rocky_reef",46.2823
"hab_extent",209,"rocky_reef",11608.1
"hab_extent",210,"rocky_reef",28712.5
"hab_extent",212,"rocky_reef",3747.99
"hab_extent",213,"rocky_reef",995.506
"hab_extent",214,"rocky_reef",3499.99
"hab_extent",215,"rocky_reef",45.409
"hab_extent",216,"rocky_reef",231848
"hab_extent",218,"rocky_reef",4860.51
"hab_extent",220,"rocky_reef",120.509
"hab_extent",221,"rocky_reef",387.723
"hab_extent",222,"rocky_reef",1357.9
"hab_extent",223,"rocky_reef",749.249
"hab_extent",224,"rocky_reef",178.143
"hab_extent",227,"rocky_reef",1416.41
"hab_extent",228,"rocky_reef",3844.05
"hab_extent",244,"rocky_reef",213.946
"hab_extent",245,"rocky_reef",227.045
"hab_extent",247,"rocky_reef",4152.31
"hab_extent",248,"rocky_reef",544.035
"hab_extent",249,"rocky_reef",46.2823
"hab_extent",250,"rocky_reef",461.076
"hab_extent",255,"rocky_reef",14768.4
"hab_extent",267,"rocky_reef",789.419
"hab_extent",269,"rocky_reef",149.326
"hab_extent",274,"rocky_reef",6.98601
"hab_extent",277,"rocky_reef",11.3523
"hab_extent",1,"seagrass",199.974
"hab_extent",2,"seagrass",130.988
"hab_extent",5,"seagrass",1310.75
"hab_extent",6,"seagrass",1143.96
"hab_extent",7,"seagrass",1158.8
"hab_extent",8,"seagrass",716.939
"hab_extent",9,"seagrass",1523.82
"hab_extent",11,"seagrass",496.88
"hab_extent",13,"seagrass",413.921
"hab_extent",14,"seagrass",1239.14
"hab_extent",15,"seagrass",13470.8
"hab_extent",16,"seagrass",39491
"hab_extent",17,"seagrass",8593.66
"hab_extent",18,"seagrass",1036.55
"hab_extent",25,"seagrass",1582.33
"hab_extent",26,"seagrass",1350.05
"hab_extent",28,"seagrass",1245.26
"hab_extent",29,"seagrass",1452.22
"hab_extent",37,"seagrass",97.8041
"hab_extent",39,"seagrass",2387.47
"hab_extent",40,"seagrass",2822.35
"hab_extent",41,"seagrass",655.811
"hab_extent",42,"seagrass",5525.93
"hab_extent",43,"seagrass",103.044
"hab_extent",45,"seagrass",23.5778
"hab_extent",47,"seagrass",5411.53
"hab_extent",49,"seagrass",4287.66
"hab_extent",50,"seagrass",20619.2
"hab_extent",51,"seagrass",1423.4
"hab_extent",52,"seagrass",477.668
"hab_extent",54,"seagrass",3950.59
"hab_extent",58,"seagrass",1993.63
"hab_extent",66,"seagrass",1473.17
"hab_extent",68,"seagrass",172.03
"hab_extent",73,"seagrass",668.91
"hab_extent",75,"seagrass",5754.72
"hab_extent",79,"seagrass",16.5918
"hab_extent",96,"seagrass",4332.2
"hab_extent",98,"seagrass",190.369
"hab_extent",99,"seagrass",1370.13
"hab_extent",102,"seagrass",397.329
"hab_extent",106,"seagrass",2725.42
"hab_extent",110,"seagrass",2094.06
"hab_extent",111,"seagrass",881.11
"hab_extent",112,"seagrass",12994.8
"hab_extent",113,"seagrass",40.1695
"hab_extent",114,"seagrass",702.094
"hab_extent",115,"seagrass",330.089
"hab_extent",116,"seagrass",633.98
"hab_extent",117,"seagrass",32.3103
"hab_extent",118,"seagrass",19.2115
"hab_extent",119,"seagrass",52.395
"hab_extent",120,"seagrass",249.75
"hab_extent",121,"seagrass",10.479
"hab_extent",122,"seagrass",1.7465
"hab_extent",123,"seagrass",470.682
"hab_extent",124,"seagrass",70.7333
"hab_extent",125,"seagrass",2.61975
"hab_extent",129,"seagrass",1516.84
"hab_extent",131,"seagrass",5278.8
"hab_extent",132,"seagrass",372.005
"hab_extent",133,"seagrass",2314.11
"hab_extent",135,"seagrass",9020.68
"hab_extent",139,"seagrass",1225.17
"hab_extent",140,"seagrass",1131.73
"hab_extent",147,"seagrass",633.98
"hab_extent",151,"seagrass",414.794
"hab_extent",152,"seagrass",931.759
"hab_extent",155,"seagrass",3575.96
"hab_extent",163,"seagrass",17906
"hab_extent",164,"seagrass",4739.13
"hab_extent",166,"seagrass",695.108
"hab_extent",171,"seagrass",422.653
"hab_extent",175,"seagrass",747.503
"hab_extent",178,"seagrass",2.61975
"hab_extent",179,"seagrass",586.825
"hab_extent",182,"seagrass",509.105
"hab_extent",184,"seagrass",2921.02
"hab_extent",190,"seagrass",985.027
"hab_extent",191,"seagrass",2580.46
"hab_extent",192,"seagrass",69.8601
"hab_extent",193,"seagrass",14515.2
"hab_extent",194,"seagrass",12663.9
"hab_extent",196,"seagrass",8847.78
"hab_extent",200,"seagrass",556.261
"hab_extent",202,"seagrass",41.0428
"hab_extent",203,"seagrass",2558.62
"hab_extent",205,"seagrass",1793.66
"hab_extent",206,"seagrass",521.331
"hab_extent",207,"seagrass",12.2255
"hab_extent",208,"seagrass",55.888
"hab_extent",209,"seagrass",7311.73
"hab_extent",210,"seagrass",274.201
"hab_extent",212,"seagrass",454.09
"hab_extent",214,"seagrass",2224.17
"hab_extent",215,"seagrass",1.7465
"hab_extent",216,"seagrass",14797.2
"hab_extent",218,"seagrass",3.493
"hab_extent",220,"seagrass",24.451
"hab_extent",221,"seagrass",57.6346
"hab_extent",222,"seagrass",8.73251
"hab_extent",231,"seagrass",284.68
"hab_extent",245,"seagrass",1.7465
"hab_extent",248,"seagrass",1.7465
"hab_extent",249,"seagrass",1.7465
"hab_extent",250,"seagrass",20.958
"hab_extent",255,"seagrass",758.855
"hab_extent",269,"seagrass",6413.15
"hab_extent",1,"soft_bottom",174.65
"hab_extent",2,"soft_bottom",82.9588
"hab_extent",3,"soft_bottom",3370.75
"hab_extent",4,"soft_bottom",347.554
"hab_extent",5,"soft_bottom",14232.2
"hab_extent",6,"soft_bottom",1017.34
"hab_extent",7,"soft_bottom",9662.52
"hab_extent",8,"soft_bottom",130.988
"hab_extent",9,"soft_bottom",7479.39
"hab_extent",10,"soft_bottom",30.5638
"hab_extent",11,"soft_bottom",2848.54
"hab_extent",13,"soft_bottom",405.188
"hab_extent",14,"soft_bottom",70749.9
"hab_extent",15,"soft_bottom",41759.7
"hab_extent",16,"soft_bottom",2020290
"hab_extent",17,"soft_bottom",138961
"hab_extent",18,"soft_bottom",10557.6
"hab_extent",19,"soft_bottom",3182.13
"hab_extent",20,"soft_bottom",242359
"hab_extent",21,"soft_bottom",34884.6
"hab_extent",24,"soft_bottom",47881.2
"hab_extent",25,"soft_bottom",217852
"hab_extent",26,"soft_bottom",6372.11
"hab_extent",28,"soft_bottom",920.406
"hab_extent",29,"soft_bottom",1433
"hab_extent",30,"soft_bottom",142.34
"hab_extent",31,"soft_bottom",37211
"hab_extent",32,"soft_bottom",227.918
"hab_extent",33,"soft_bottom",383.357
"hab_extent",34,"soft_bottom",185.129
"hab_extent",37,"soft_bottom",26415
"hab_extent",38,"soft_bottom",14723
"hab_extent",39,"soft_bottom",6541.52
"hab_extent",40,"soft_bottom",27371.2
"hab_extent",41,"soft_bottom",76127.4
"hab_extent",42,"soft_bottom",83879.2
"hab_extent",43,"soft_bottom",7244.49
"hab_extent",44,"soft_bottom",45473.7
"hab_extent",45,"soft_bottom",58878.9
"hab_extent",46,"soft_bottom",1251.37
"hab_extent",47,"soft_bottom",50455.6
"hab_extent",48,"soft_bottom",49598.9
"hab_extent",49,"soft_bottom",15940.3
"hab_extent",50,"soft_bottom",89984.1
"hab_extent",51,"soft_bottom",11851.8
"hab_extent",52,"soft_bottom",7651.42
"hab_extent",53,"soft_bottom",49108.1
"hab_extent",54,"soft_bottom",52969.6
"hab_extent",55,"soft_bottom",1779.69
"hab_extent",56,"soft_bottom",4776.68
"hab_extent",57,"soft_bottom",796.405
"hab_extent",58,"soft_bottom",5102.4
"hab_extent",59,"soft_bottom",3461.57
"hab_extent",60,"soft_bottom",48.902
"hab_extent",61,"soft_bottom",33004.5
"hab_extent",62,"soft_bottom",50788.3
"hab_extent",63,"soft_bottom",61305.7
"hab_extent",64,"soft_bottom",28059.3
"hab_extent",65,"soft_bottom",4926.88
"hab_extent",66,"soft_bottom",22515.9
"hab_extent",67,"soft_bottom",42420.8
"hab_extent",68,"soft_bottom",5325.96
"hab_extent",69,"soft_bottom",28203.4
"hab_extent",70,"soft_bottom",36344.7
"hab_extent",71,"soft_bottom",8997.98
"hab_extent",72,"soft_bottom",21809.4
"hab_extent",73,"soft_bottom",3804040
"hab_extent",74,"soft_bottom",3203.96
"hab_extent",75,"soft_bottom",70876.5
"hab_extent",76,"soft_bottom",47192.2
"hab_extent",77,"soft_bottom",1099.42
"hab_extent",78,"soft_bottom",1114.27
"hab_extent",79,"soft_bottom",3892.95
"hab_extent",80,"soft_bottom",69452.3
"hab_extent",81,"soft_bottom",3457.2
"hab_extent",82,"soft_bottom",5523.31
"hab_extent",84,"soft_bottom",6581.69
"hab_extent",85,"soft_bottom",155.439
"hab_extent",86,"soft_bottom",489.02
"hab_extent",88,"soft_bottom",1019.96
"hab_extent",89,"soft_bottom",23155.1
"hab_extent",90,"soft_bottom",264.595
"hab_extent",92,"soft_bottom",52.395
"hab_extent",93,"soft_bottom",45543.5
"hab_extent",94,"soft_bottom",6338.05
"hab_extent",95,"soft_bottom",172985
"hab_extent",96,"soft_bottom",24414.3
"hab_extent",97,"soft_bottom",18678.8
"hab_extent",98,"soft_bottom",367.639
"hab_extent",100,"soft_bottom",4662.29
"hab_extent",101,"soft_bottom",84990
"hab_extent",102,"soft_bottom",148115
"hab_extent",103,"soft_bottom",1603.29
"hab_extent",104,"soft_bottom",8018.19
"hab_extent",106,"soft_bottom",22098.5
"hab_extent",107,"soft_bottom",22.7045
"hab_extent",108,"soft_bottom",84.7053
"hab_extent",110,"soft_bottom",90247.8
"hab_extent",111,"soft_bottom",4875.36
"hab_extent",112,"soft_bottom",58845.7
"hab_extent",113,"soft_bottom",239.271
"hab_extent",114,"soft_bottom",3417.03
"hab_extent",115,"soft_bottom",8434.73
"hab_extent",116,"soft_bottom",7330.07
"hab_extent",117,"soft_bottom",2385.72
"hab_extent",118,"soft_bottom",1757.85
"hab_extent",119,"soft_bottom",231.411
"hab_extent",120,"soft_bottom",2673.89
"hab_extent",121,"soft_bottom",133.607
"hab_extent",122,"soft_bottom",367.639
"hab_extent",123,"soft_bottom",427.02
"hab_extent",124,"soft_bottom",174.65
"hab_extent",125,"soft_bottom",1407.68
"hab_extent",126,"soft_bottom",22097.6
"hab_extent",127,"soft_bottom",1264.47
"hab_extent",129,"soft_bottom",10426.6
"hab_extent",130,"soft_bottom",10264.2
"hab_extent",131,"soft_bottom",25957.4
"hab_extent",132,"soft_bottom",19309.3
"hab_extent",133,"soft_bottom",30537.6
"hab_extent",134,"soft_bottom",15147.4
"hab_extent",135,"soft_bottom",389560
"hab_extent",136,"soft_bottom",14289
"hab_extent",137,"soft_bottom",33347.7
"hab_extent",138,"soft_bottom",79863.2
"hab_extent",139,"soft_bottom",88524.1
"hab_extent",140,"soft_bottom",597.304
"hab_extent",141,"soft_bottom",24231.8
"hab_extent",143,"soft_bottom",108038
"hab_extent",144,"soft_bottom",884.603
"hab_extent",145,"soft_bottom",402710
"hab_extent",147,"soft_bottom",11623.8
"hab_extent",148,"soft_bottom",308.258
"hab_extent",149,"soft_bottom",7.85926
"hab_extent",150,"soft_bottom",824.349
"hab_extent",153,"soft_bottom",192.115
"hab_extent",154,"soft_bottom",10.479
"hab_extent",155,"soft_bottom",1481.03
"hab_extent",157,"soft_bottom",35.8033
"hab_extent",158,"soft_bottom",27.944
"hab_extent",159,"soft_bottom",235.778
"hab_extent",161,"soft_bottom",310.877
"hab_extent",162,"soft_bottom",263603
"hab_extent",163,"soft_bottom",2035180
"hab_extent",164,"soft_bottom",1486.27
"hab_extent",166,"soft_bottom",8536.03
"hab_extent",167,"soft_bottom",47858.5
"hab_extent",168,"soft_bottom",51899.9
"hab_extent",169,"soft_bottom",42140.5
"hab_extent",171,"soft_bottom",647227
"hab_extent",172,"soft_bottom",795146
"hab_extent",173,"soft_bottom",66949.5
"hab_extent",174,"soft_bottom",78581.2
"hab_extent",175,"soft_bottom",99114.8
"hab_extent",176,"soft_bottom",56146.5
"hab_extent",177,"soft_bottom",64142
"hab_extent",178,"soft_bottom",31909.5
"hab_extent",179,"soft_bottom",86723.4
"hab_extent",180,"soft_bottom",501538
"hab_extent",181,"soft_bottom",128928
"hab_extent",182,"soft_bottom",66099
"hab_extent",183,"soft_bottom",20614
"hab_extent",184,"soft_bottom",102427
"hab_extent",186,"soft_bottom",4048.39
"hab_extent",187,"soft_bottom",46211.6
"hab_extent",188,"soft_bottom",192.988
"hab_extent",189,"soft_bottom",6132.84
"hab_extent",190,"soft_bottom",30995.2
"hab_extent",191,"soft_bottom",114093
"hab_extent",192,"soft_bottom",628.741
"hab_extent",193,"soft_bottom",36451.2
"hab_extent",194,"soft_bottom",48218.3
"hab_extent",195,"soft_bottom",9917.51
"hab_extent",196,"soft_bottom",82.9588
"hab_extent",197,"soft_bottom",9638.07
"hab_extent",198,"soft_bottom",982.407
"hab_extent",199,"soft_bottom",813.87
"hab_extent",200,"soft_bottom",37769
"hab_extent",202,"soft_bottom",17022.3
"hab_extent",203,"soft_bottom",345184
"hab_extent",204,"soft_bottom",59217.8
"hab_extent",205,"soft_bottom",185349
"hab_extent",206,"soft_bottom",312095
"hab_extent",207,"soft_bottom",354562
"hab_extent",208,"soft_bottom",533.556
"hab_extent",209,"soft_bottom",797434
"hab_extent",210,"soft_bottom",253409
"hab_extent",212,"soft_bottom",581.585
"hab_extent",213,"soft_bottom",1830340
"hab_extent",214,"soft_bottom",43385.7
"hab_extent",216,"soft_bottom",1585900
"hab_extent",218,"soft_bottom",2721990
"hab_extent",219,"soft_bottom",7775.43
"hab_extent",220,"soft_bottom",6.11276
"hab_extent",221,"soft_bottom",1263.59
"hab_extent",222,"soft_bottom",147902
"hab_extent",223,"soft_bottom",462488
"hab_extent",224,"soft_bottom",202413
"hab_extent",227,"soft_bottom",1547.4
"hab_extent",228,"soft_bottom",1193.73
"hab_extent",231,"soft_bottom",3093.05
"hab_extent",232,"soft_bottom",10.479
"hab_extent",237,"soft_bottom",116.142
"hab_extent",247,"soft_bottom",3077.34
"hab_extent",248,"soft_bottom",1291.54
"hab_extent",249,"soft_bottom",7.85926
"hab_extent",255,"soft_bottom",170780
"hab_extent",260,"soft_bottom",61204.4
"hab_extent",261,"soft_bottom",28778
"hab_extent",262,"soft_bottom",1840.81
"hab_extent",264,"soft_bottom",34.93
"hab_extent",266,"soft_bottom",8396.31
"hab_extent",267,"soft_bottom",1419.03
"hab_extent",268,"soft_bottom",58.5078
"hab_extent",269,"soft_bottom",32287.6
"hab_extent",270,"soft_bottom",155.439
"hab_extent",271,"soft_bottom",1856.53
"hab_extent",273,"soft_bottom",1.7465
"hab_extent",274,"soft_bottom",89.9448
"hab_extent",276,"soft_bottom",1638.22
"hab_extent",277,"soft_bottom",1115.14
"hab_extent",278,"soft_bottom",5.2395
"hab_extent",16,"saltmarsh",13028.95
"hab_extent",59,"saltmarsh",4.22
"hab_extent",69,"saltmarsh",0.82
"hab_extent",70,"saltmarsh",5
"hab_extent",153,"saltmarsh",7.2025259359495
"hab_extent",154,"saltmarsh",0.995940460081194
"hab_extent",156,"saltmarsh",2.04961659900767
"hab_extent",162,"saltmarsh",181.751917004962
"hab_extent",163,"saltmarsh",15747
"hab_extent",176,"saltmarsh",283.45
"hab_extent",177,"saltmarsh",112.3
"hab_extent",178,"saltmarsh",7.05
"hab_extent",179,"saltmarsh",1147.1
"hab_extent",180,"saltmarsh",314.508957489879
"hab_extent",181,"saltmarsh",56.34
"hab_extent",184,"saltmarsh",349
"hab_extent",209,"saltmarsh",5734.4
"hab_extent",218,"saltmarsh",440
"hab_extent",222,"saltmarsh",29.3
"hab_extent",227,"saltmarsh",1.5022604588394
"hab_extent",228,"saltmarsh",2.03878205128204
"hab_extent",21,"seaice_shoreline",1969.40104167
"hab_extent",69,"seaice_shoreline",2097.98177083
"hab_extent",70,"seaice_shoreline",3585.61197917
"hab_extent",73,"seaice_shoreline",495753.580729
"hab_extent",105,"seaice_shoreline",26.8979109972787
"hab_extent",141,"seaice_shoreline",1710.08888988838
"hab_extent",143,"seaice_shoreline",1363.93229167
"hab_extent",144,"seaice_shoreline",121.881159206419
"hab_extent",145,"seaice_shoreline",139003.074918754
"hab_extent",163,"seaice_shoreline",76502.2786458
"hab_extent",174,"seaice_shoreline",8925.78125
"hab_extent",175,"seaice_shoreline",9334.03671235731
"hab_extent",176,"seaice_shoreline",2524.4140625
"hab_extent",178,"seaice_shoreline",496.419270833
"hab_extent",180,"seaice_shoreline",1701.22360250414
"hab_extent",189,"seaice_shoreline",262.044270833
"hab_extent",209,"seaice_shoreline",4580.078125
"hab_extent",210,"seaice_shoreline",6471.35416667
"hab_extent",213,"seaice_shoreline",441940.104167
"hab_extent",218,"seaice_shoreline",753810.221354
"hab_extent",219,"seaice_shoreline",24.4140625
"hab_extent",222,"seaice_shoreline",6223.95833333
"hab_extent",223,"seaice_shoreline",26106.1037422963
"hab_extent",227,"seaice_shoreline",8.12594010066798
"hab_extent",228,"seaice_shoreline",11.0280615651923
"hab_extent",1,"seaice_edge",115.440290554509
"hab_extent",2,"seaice_edge",81.0407673505267
"hab_extent",3,"seaice_edge",106.253317094964
"hab_extent",21,"seaice_edge",5027.66927083
"hab_extent",69,"seaice_edge",3357.74739583
"hab_extent",70,"seaice_edge",4941.40625
"hab_extent",73,"seaice_edge",711302.083333
"hab_extent",85,"seaice_edge",12343.0897957385
"hab_extent",86,"seaice_edge",12424.5644163787
"hab_extent",88,"seaice_edge",20985.9951466884
"hab_extent",89,"seaice_edge",40137.5261641414
"hab_extent",95,"seaice_edge",15233.4989560531
"hab_extent",105,"seaice_edge",14263.9836941439
"hab_extent",141,"seaice_edge",24270.373205543
"hab_extent",143,"seaice_edge",13862.3046875
"hab_extent",144,"seaice_edge",9428.08804001921
"hab_extent",145,"seaice_edge",206412.122137972
"hab_extent",163,"seaice_edge",176372.070312
"hab_extent",174,"seaice_edge",13626.3020833
"hab_extent",175,"seaice_edge",9125.44736448541
"hab_extent",176,"seaice_edge",3098.95833333
"hab_extent",177,"seaice_edge",638.020833333
"hab_extent",178,"seaice_edge",1614.58333333
"hab_extent",179,"seaice_edge",485.026041667
"hab_extent",180,"seaice_edge",5725.5377290253
"hab_extent",189,"seaice_edge",589.192708333
"hab_extent",209,"seaice_edge",9871.41927083
"hab_extent",210,"seaice_edge",20397.1354167
"hab_extent",213,"seaice_edge",1081707.35677
"hab_extent",218,"seaice_edge",502250.976562
"hab_extent",219,"seaice_edge",541.9921875
"hab_extent",222,"seaice_edge",14511.71875
"hab_extent",223,"seaice_edge",56054.8358179369
"hab_extent",227,"seaice_edge",22.4952480671266
"hab_extent",228,"seaice_edge",65.7691062375752
"hab_health",3,"coral",1
"hab_health",2,"coral",1
"hab_health",1,"coral",1
"hab_health",3,"seaice_edge",0
"hab_health",2,"seaice_edge",0
"hab_health",1,"seaice_edge",0
"hab_health",3,"soft_bottom",1
"hab_health",2,"soft_bottom",1
"hab_health",1,"soft_bottom",1
"hab_health",3,"seagrass",0.855116269050631
"hab_health",2,"seagrass",0.855116269050631
"hab_health",1,"seagrass",0.855116269050631
"hab_health",4,"soft_bottom",1
"hab_health",94,"soft_bottom",1
"hab_health",5,"mangrove",0.798076923076923
"hab_health",5,"seagrass",0.721897450142865
"hab_health",5,"soft_bottom",1
"hab_health",5,"coral",0.730957557997747
"hab_health",6,"mangrove",0.833333333333333
"hab_health",6,"soft_bottom",1
"hab_health",6,"coral",0.964113890082612
"hab_health",6,"seagrass",0.855116269050631
"hab_health",7,"mangrove",0.687086092715232
"hab_health",7,"soft_bottom",1
"hab_health",7,"coral",0.730957557997747
"hab_health",7,"seagrass",0.721897450142865
"hab_health",8,"mangrove",1
"hab_health",8,"seagrass",0.855116269050631
"hab_health",8,"soft_bottom",1
"hab_health",8,"coral",1
"hab_health",9,"mangrove",1
"hab_health",9,"seagrass",0.855116269050631
"hab_health",9,"soft_bottom",1
"hab_health",9,"coral",0.964113890082612
"hab_health",10,"soft_bottom",1
"hab_health",10,"coral",0.964113890082612
"hab_health",11,"seagrass",0.855116269050631
"hab_health",11,"coral",0.964113890082612
"hab_health",11,"soft_bottom",1
"hab_health",14,"coral",1
"hab_health",14,"soft_bottom",0.946175390377
"hab_health",14,"seagrass",0.912847483095417
"hab_health",15,"mangrove",0.813559322033898
"hab_health",15,"seagrass",0.912847483095417
"hab_health",15,"coral",1
"hab_health",15,"soft_bottom",0.725606933915
"hab_health",16,"saltmarsh",1
"hab_health",16,"soft_bottom",1
"hab_health",16,"coral",0.730957557997747
"hab_health",16,"seagrass",0.721897450142865
"hab_health",16,"mangrove",0.99519890260631
"hab_health",17,"soft_bottom",1
"hab_health",17,"mangrove",0.697247706422018
"hab_health",17,"coral",0.953679013210641
"hab_health",17,"seagrass",0.721897450142865
"hab_health",18,"soft_bottom",1
"hab_health",18,"mangrove",0.778723404255319
"hab_health",18,"coral",1
"hab_health",18,"seagrass",0.855116269050631
"hab_health",19,"soft_bottom",1
"hab_health",19,"coral",1
"hab_health",20,"seagrass",0
"hab_health",20,"soft_bottom",0.921364481509
"hab_health",21,"seaice_shoreline",1
"hab_health",21,"seaice_edge",1
"hab_health",21,"soft_bottom",0.98465945832
"hab_health",24,"mangrove",0.758771929824561
"hab_health",24,"soft_bottom",0.981199858956
"hab_health",24,"coral",1
"hab_health",25,"seagrass",0.855116269050631
"hab_health",25,"coral",1
"hab_health",25,"mangrove",0.857142857142857
"hab_health",25,"soft_bottom",0.951684150704
"hab_health",28,"seagrass",0.855116269050631
"hab_health",28,"coral",0.755307777337641
"hab_health",28,"soft_bottom",1
"hab_health",35,"seagrass",0.855116269050631
"hab_health",32,"seagrass",0.855116269050631
"hab_health",29,"seagrass",0.855116269050631
"hab_health",34,"seagrass",0.855116269050631
"hab_health",36,"seagrass",0.855116269050631
"hab_health",33,"seagrass",0.855116269050631
"hab_health",30,"seagrass",0.855116269050631
"hab_health",35,"mangrove",1
"hab_health",32,"mangrove",1
"hab_health",29,"mangrove",1
"hab_health",34,"mangrove",1
"hab_health",36,"mangrove",1
"hab_health",33,"mangrove",1
"hab_health",30,"mangrove",1
"hab_health",35,"soft_bottom",1
"hab_health",32,"soft_bottom",1
"hab_health",29,"soft_bottom",1
"hab_health",34,"soft_bottom",1
"hab_health",36,"soft_bottom",1
"hab_health",33,"soft_bottom",1
"hab_health",30,"soft_bottom",1
"hab_health",35,"coral",0.855746556788467
"hab_health",32,"coral",0.855746556788467
"hab_health",29,"coral",0.855746556788467
"hab_health",34,"coral",0.855746556788467
"hab_health",36,"coral",0.855746556788467
"hab_health",33,"coral",0.855746556788467
"hab_health",30,"coral",0.855746556788467
"hab_health",31,"mangrove",1
"hab_health",31,"soft_bottom",1
"hab_health",31,"coral",0.855746556788467
"hab_health",37,"coral",0.855746556788467
"hab_health",37,"seagrass",0.855116269050631
"hab_health",37,"soft_bottom",1
"hab_health",38,"soft_bottom",1
"hab_health",38,"coral",1
"hab_health",39,"coral",1
"hab_health",39,"soft_bottom",1
"hab_health",39,"mangrove",0.885170418930361
"hab_health",39,"seagrass",0.855116269050631
"hab_health",40,"mangrove",0.916666666666667
"hab_health",40,"coral",1
"hab_health",40,"soft_bottom",1
"hab_health",40,"seagrass",0.855116269050631
"hab_health",41,"soft_bottom",0.996021604259
"hab_health",41,"mangrove",0.96944099378882
"hab_health",41,"seagrass",1
"hab_health",41,"coral",0.755307777337641
"hab_health",42,"mangrove",0.909090909090909
"hab_health",42,"soft_bottom",1
"hab_health",42,"seagrass",0.855116269050631
"hab_health",42,"coral",0.755307777337641
"hab_health",43,"seagrass",0.855116269050631
"hab_health",43,"mangrove",0.914076782449726
"hab_health",43,"coral",0.580673354488477
"hab_health",43,"soft_bottom",1
"hab_health",44,"coral",0.580673354488477
"hab_health",44,"soft_bottom",1
"hab_health",44,"mangrove",0.768421052631579
"hab_health",45,"soft_bottom",1
"hab_health",45,"coral",0.984538344672957
"hab_health",45,"seagrass",0.855116269050631
"hab_health",45,"mangrove",0.955223880597015
"hab_health",46,"coral",0.984538344672957
"hab_health",46,"soft_bottom",1
"hab_health",47,"soft_bottom",0.943172795371
"hab_health",47,"seagrass",0.855116269050631
"hab_health",47,"coral",0.984538344672957
"hab_health",47,"mangrove",0.9
"hab_health",48,"soft_bottom",0.952118291254
"hab_health",48,"coral",0.984538344672957
"hab_health",49,"mangrove",1
"hab_health",49,"seagrass",0.855116269050631
"hab_health",49,"soft_bottom",0.997904223373
"hab_health",49,"coral",0.984538344672957
"hab_health",50,"seagrass",0.855116269050631
"hab_health",50,"soft_bottom",0.975020160706
"hab_health",50,"coral",0.984538344672957
"hab_health",50,"mangrove",0.952380952380952
"hab_health",51,"soft_bottom",0.975638307842
"hab_health",51,"seagrass",0.855116269050631
"hab_health",51,"coral",0.984538344672957
"hab_health",52,"soft_bottom",0.904210489541
"hab_health",52,"seagrass",0.855116269050631
"hab_health",52,"mangrove",0.6
"hab_health",52,"coral",0.984538344672957
"hab_health",53,"mangrove",0.455072463768116
"hab_health",53,"soft_bottom",0.899305032562
"hab_health",54,"coral",0.984538344672957
"hab_health",54,"soft_bottom",1
"hab_health",54,"seagrass",0.855116269050631
"hab_health",54,"mangrove",1
"hab_health",56,"soft_bottom",0.989096178422
"hab_health",59,"soft_bottom",0.942006842687
"hab_health",59,"saltmarsh",1
"hab_health",60,"soft_bottom",1
"hab_health",61,"soft_bottom",0.94387682985
"hab_health",62,"soft_bottom",0.862232893006
"hab_health",63,"soft_bottom",0.987279566106
"hab_health",64,"soft_bottom",0.940426826266
"hab_health",65,"soft_bottom",0.884607535953
"hab_health",65,"mangrove",0.823863636363636
"hab_health",66,"mangrove",0.680473372781065
"hab_health",66,"soft_bottom",0.813941819112
"hab_health",66,"seagrass",0.258539503138599
"hab_health",67,"soft_bottom",1
"hab_health",68,"soft_bottom",0.945953783461
"hab_health",68,"seagrass",0.82451230316197
"hab_health",69,"soft_bottom",1
"hab_health",69,"seaice_edge",0.713523994182944
"hab_health",69,"seaice_shoreline",0.73648823377465
"hab_health",69,"saltmarsh",0.5
"hab_health",70,"seaice_shoreline",0.857013163867586
"hab_health",70,"soft_bottom",1
"hab_health",70,"seaice_edge",0.874835309618593
"hab_health",70,"saltmarsh",1
"hab_health",71,"soft_bottom",1
"hab_health",72,"soft_bottom",1
"hab_health",73,"soft_bottom",0.99425731898
"hab_health",73,"seaice_shoreline",0.927705239703368
"hab_health",73,"seagrass",1
"hab_health",73,"seaice_edge",1
"hab_health",74,"soft_bottom",1
"hab_health",75,"seagrass",0.82451230316197
"hab_health",75,"soft_bottom",1
"hab_health",76,"soft_bottom",0.861105357631
"hab_health",77,"soft_bottom",0.950184845189
"hab_health",78,"soft_bottom",0.887261458081
"hab_health",79,"seagrass",0.82451230316197
"hab_health",79,"soft_bottom",0.967429403985
"hab_health",80,"soft_bottom",0.917644669567
"hab_health",81,"soft_bottom",0.932802864661
"hab_health",82,"soft_bottom",0.998573899206
"hab_health",84,"soft_bottom",0.882317707522
"hab_health",93,"soft_bottom",1
"hab_health",91,"soft_bottom",1
"hab_health",92,"soft_bottom",1
"hab_health",89,"seaice_edge",0.795909717640813
"hab_health",95,"seaice_edge",0.795909717640813
"hab_health",88,"seaice_edge",0.795909717640813
"hab_health",86,"seaice_edge",0.795909717640813
"hab_health",85,"seaice_edge",0.795909717640813
"hab_health",89,"soft_bottom",0.986376356729
"hab_health",95,"soft_bottom",0.986376356729
"hab_health",88,"soft_bottom",0.986376356729
"hab_health",86,"soft_bottom",0.986376356729
"hab_health",85,"soft_bottom",0.986376356729
"hab_health",96,"soft_bottom",0.933967272404
"hab_health",96,"seagrass",0.258539503138599
"hab_health",96,"mangrove",0.596302921884317
"hab_health",97,"mangrove",0.349740932642487
"hab_health",97,"soft_bottom",0.993978038394
"hab_health",98,"seagrass",1
"hab_health",98,"soft_bottom",0.979809040288
"hab_health",99,"seagrass",1
"hab_health",100,"soft_bottom",0.89572949625
"hab_health",100,"mangrove",0.4
"hab_health",101,"soft_bottom",0.947679444502
"hab_health",90,"seagrass",1
"hab_health",102,"seagrass",1
"hab_health",90,"mangrove",0.857142857142857
"hab_health",102,"mangrove",0.857142857142857
"hab_health",90,"soft_bottom",0.972211724449
"hab_health",102,"soft_bottom",0.972211724449
"hab_health",90,"coral",0.755307777337641
"hab_health",102,"coral",0.755307777337641
"hab_health",103,"soft_bottom",0.992095138637
"hab_health",104,"mangrove",0.936329588014981
"hab_health",104,"soft_bottom",1
"hab_health",106,"soft_bottom",0.930926842793
"hab_health",106,"mangrove",0.688888888888889
"hab_health",106,"seagrass",1
"hab_health",107,"coral",1
"hab_health",107,"soft_bottom",1
"hab_health",110,"seagrass",1
"hab_health",110,"mangrove",0.777777777777778
"hab_health",110,"soft_bottom",1
"hab_health",110,"coral",0.397647968195135
"hab_health",112,"soft_bottom",1
"hab_health",112,"mangrove",1
"hab_health",112,"seagrass",1
"hab_health",112,"coral",0
"hab_health",114,"seagrass",1
"hab_health",114,"soft_bottom",0.982209960978
"hab_health",114,"mangrove",0.769662921348315
"hab_health",114,"coral",0.422740366276086
"hab_health",115,"soft_bottom",0.99074780079
"hab_health",115,"seagrass",1
"hab_health",115,"coral",1
"hab_health",115,"mangrove",0.488372093023256
"hab_health",116,"mangrove",1
"hab_health",116,"seagrass",1
"hab_health",116,"soft_bottom",0.983431313339
"hab_health",116,"coral",0.595384173926359
"hab_health",121,"coral",0.517296486375576
"hab_health",111,"coral",0.517296486375576
"hab_health",108,"coral",0.517296486375576
"hab_health",118,"coral",0.517296486375576
"hab_health",117,"coral",0.517296486375576
"hab_health",113,"coral",0.517296486375576
"hab_health",121,"seagrass",1
"hab_health",111,"seagrass",1
"hab_health",108,"seagrass",1
"hab_health",118,"seagrass",1
"hab_health",117,"seagrass",1
"hab_health",113,"seagrass",1
"hab_health",121,"mangrove",0.969822341202239
"hab_health",111,"mangrove",0.969822341202239
"hab_health",108,"mangrove",0.969822341202239
"hab_health",118,"mangrove",0.969822341202239
"hab_health",117,"mangrove",0.969822341202239
"hab_health",113,"mangrove",0.969822341202239
"hab_health",121,"soft_bottom",1
"hab_health",111,"soft_bottom",1
"hab_health",108,"soft_bottom",1
"hab_health",118,"soft_bottom",1
"hab_health",117,"soft_bottom",1
"hab_health",113,"soft_bottom",1
"hab_health",119,"coral",0.725611882724082
"hab_health",119,"seagrass",1
"hab_health",119,"soft_bottom",1
"hab_health",120,"seagrass",1
"hab_health",120,"coral",0.517296486375576
"hab_health",120,"soft_bottom",1
"hab_health",122,"coral",0.715200330885569
"hab_health",122,"soft_bottom",1
"hab_health",122,"seagrass",0.252772343349348
"hab_health",123,"seagrass",0.252772343349348
"hab_health",123,"soft_bottom",0.941248699187
"hab_health",123,"coral",0.567313208117372
"hab_health",124,"coral",1
"hab_health",124,"seagrass",0.252772343349348
"hab_health",124,"soft_bottom",1
"hab_health",125,"soft_bottom",1
"hab_health",125,"mangrove",0.728813559322034
"hab_health",125,"coral",0.567313208117372
"hab_health",125,"seagrass",0.252772343349348
"hab_health",126,"soft_bottom",1
"hab_health",126,"mangrove",0.933333333333333
"hab_health",126,"coral",0.715200330885569
"hab_health",127,"soft_bottom",1
"hab_health",127,"coral",0.715200330885569
"hab_health",220,"soft_bottom",1
"hab_health",249,"soft_bottom",1
"hab_health",250,"soft_bottom",1
"hab_health",245,"soft_bottom",1
"hab_health",244,"soft_bottom",1
"hab_health",248,"soft_bottom",1
"hab_health",220,"coral",1
"hab_health",249,"coral",1
"hab_health",250,"coral",1
"hab_health",245,"coral",1
"hab_health",244,"coral",1
"hab_health",248,"coral",1
"hab_health",220,"mangrove",0.87719298245614
"hab_health",249,"mangrove",0.87719298245614
"hab_health",250,"mangrove",0.87719298245614
"hab_health",245,"mangrove",0.87719298245614
"hab_health",244,"mangrove",0.87719298245614
"hab_health",248,"mangrove",0.87719298245614
"hab_health",220,"seagrass",1
"hab_health",249,"seagrass",1
"hab_health",250,"seagrass",1
"hab_health",245,"seagrass",1
"hab_health",244,"seagrass",1
"hab_health",248,"seagrass",1
"hab_health",129,"seagrass",0
"hab_health",129,"coral",1
"hab_health",129,"soft_bottom",0.941192353127
"hab_health",129,"mangrove",0.68
"hab_health",130,"coral",1
"hab_health",130,"mangrove",0.646687697160883
"hab_health",130,"soft_bottom",0.985135207237
"hab_health",131,"soft_bottom",0.994192072208
"hab_health",131,"seagrass",0
"hab_health",131,"mangrove",0.62862669245648
"hab_health",131,"coral",1
"hab_health",132,"coral",0.850910287291316
"hab_health",132,"soft_bottom",1
"hab_health",132,"mangrove",0.795454545454545
"hab_health",132,"seagrass",0
"hab_health",133,"coral",0.975251135882013
"hab_health",133,"mangrove",0.440655737704918
"hab_health",133,"soft_bottom",1
"hab_health",133,"seagrass",1
"hab_health",134,"mangrove",0.599571734475375
"hab_health",134,"soft_bottom",0.997210164085
"hab_health",135,"seagrass",1
"hab_health",135,"soft_bottom",0.97103060369
"hab_health",135,"coral",1
"hab_health",135,"mangrove",0.729537366548043
"hab_health",136,"soft_bottom",1
"hab_health",136,"mangrove",0.940860215053763
"hab_health",137,"soft_bottom",0.953081538236
"hab_health",137,"coral",1
"hab_health",137,"mangrove",0.741379310344828
"hab_health",138,"mangrove",0.542168674698795
"hab_health",138,"soft_bottom",0.936891123495
"hab_health",139,"mangrove",0.859615384615385
"hab_health",139,"seagrass",1
"hab_health",139,"soft_bottom",0.925148923945
"hab_health",139,"coral",0.567313208117372
"hab_health",140,"mangrove",0.969387755102041
"hab_health",221,"mangrove",0.969387755102041
"hab_health",140,"soft_bottom",0.979061664075
"hab_health",221,"soft_bottom",0.979061664075
"hab_health",140,"seagrass",1
"hab_health",221,"seagrass",1
"hab_health",140,"coral",0.76285514465227
"hab_health",221,"coral",0.76285514465227
"hab_health",143,"soft_bottom",0.842995645758
"hab_health",143,"seaice_shoreline",0.407319013523594
"hab_health",143,"seaice_edge",0.419553050761062
"hab_health",146,"coral",1
"hab_health",161,"soft_bottom",1
"hab_health",147,"soft_bottom",1
"hab_health",161,"coral",1
"hab_health",147,"coral",1
"hab_health",161,"seagrass",0.855116269050631
"hab_health",147,"seagrass",0.855116269050631
"hab_health",149,"coral",0.964113890082612
"hab_health",149,"soft_bottom",0.855714548769
"hab_health",13,"coral",1
"hab_health",158,"coral",1
"hab_health",151,"coral",1
"hab_health",13,"seagrass",0.912847483095417
"hab_health",158,"seagrass",0.912847483095417
"hab_health",151,"seagrass",0.912847483095417
"hab_health",13,"soft_bottom",0.877029548413
"hab_health",158,"soft_bottom",0.877029548413
"hab_health",151,"soft_bottom",0.877029548413
"hab_health",152,"seagrass",0.855116269050631
"hab_health",152,"coral",1
"hab_health",155,"seagrass",0.855116269050631
"hab_health",155,"soft_bottom",1
"hab_health",155,"coral",1
"hab_health",155,"mangrove",0.866666666666667
"hab_health",150,"soft_bottom",1
"hab_health",159,"soft_bottom",1
"hab_health",12,"soft_bottom",1
"hab_health",150,"coral",0.743013670160413
"hab_health",159,"coral",0.743013670160413
"hab_health",12,"coral",0.743013670160413
"hab_health",154,"mangrove",0.935483870967742
"hab_health",162,"mangrove",0.935483870967742
"hab_health",156,"mangrove",0.935483870967742
"hab_health",153,"mangrove",0.935483870967742
"hab_health",154,"saltmarsh",0.5
"hab_health",162,"saltmarsh",0.5
"hab_health",156,"saltmarsh",0.5
"hab_health",153,"saltmarsh",0.5
"hab_health",154,"soft_bottom",0.918405279603
"hab_health",162,"soft_bottom",0.918405279603
"hab_health",156,"soft_bottom",0.918405279603
"hab_health",153,"soft_bottom",0.918405279603
"hab_health",154,"coral",1
"hab_health",162,"coral",1
"hab_health",156,"coral",1
"hab_health",153,"coral",1
"hab_health",163,"seaice_shoreline",0.990575069676835
"hab_health",163,"seaice_edge",0.977061666193274
"hab_health",163,"seagrass",1
"hab_health",163,"soft_bottom",0.958429278325
"hab_health",163,"mangrove",0.709090909090909
"hab_health",163,"saltmarsh",0.5
"hab_health",163,"coral",0.422873323253544
"hab_health",164,"seagrass",0.217264308537159
"hab_health",164,"coral",0.0199508481299071
"hab_health",164,"soft_bottom",0.973168662157
"hab_health",164,"mangrove",0.968152866242038
"hab_health",166,"coral",0.226458805310968
"hab_health",166,"mangrove",0.8
"hab_health",166,"soft_bottom",1
"hab_health",166,"seagrass",1
"hab_health",167,"soft_bottom",0.97200299921
"hab_health",167,"mangrove",0.879120879120879
"hab_health",168,"mangrove",0.994782608695652
"hab_health",168,"soft_bottom",0.990039958487
"hab_health",169,"soft_bottom",1
"hab_health",169,"mangrove",1
"hab_health",171,"soft_bottom",0.9819987002
"hab_health",171,"coral",0.923285557938854
"hab_health",171,"seagrass",1
"hab_health",171,"mangrove",0.952380952380952
"hab_health",172,"soft_bottom",0.933082320141
"hab_health",173,"soft_bottom",0.92342003944
"hab_health",174,"seaice_edge",0.879120879125476
"hab_health",174,"seaice_shoreline",0.795526379770958
"hab_health",174,"soft_bottom",1
"hab_health",141,"seaice_shoreline",0.922163526380718
"hab_health",175,"seaice_shoreline",0.922163526380718
"hab_health",145,"seaice_shoreline",0.922163526380718
"hab_health",141,"soft_bottom",0.903656562515
"hab_health",175,"soft_bottom",0.903656562515
"hab_health",145,"soft_bottom",0.903656562515
"hab_health",141,"seaice_edge",0.835738234538109
"hab_health",175,"seaice_edge",0.835738234538109
"hab_health",145,"seaice_edge",0.835738234538109
"hab_health",141,"seagrass",1
"hab_health",175,"seagrass",1
"hab_health",145,"seagrass",1
"hab_health",176,"seaice_shoreline",1
"hab_health",176,"seaice_edge",0.885154061627036
"hab_health",176,"saltmarsh",1
"hab_health",176,"soft_bottom",0.94656138836
"hab_health",177,"seaice_edge",0.21768707483022
"hab_health",177,"seagrass",1
"hab_health",177,"saltmarsh",1
"hab_health",177,"soft_bottom",0.912365821921
"hab_health",178,"soft_bottom",1
"hab_health",178,"seaice_edge",0.032258064516175
"hab_health",178,"seaice_shoreline",0.0349726775956295
"hab_health",178,"seagrass",1
"hab_health",178,"saltmarsh",0.5
"hab_health",179,"soft_bottom",0.894033485818
"hab_health",179,"seagrass",1
"hab_health",179,"saltmarsh",0.5
"hab_health",179,"seaice_edge",0.0715883668902853
"hab_health",228,"seaice_edge",0.788353863381738
"hab_health",227,"seaice_edge",0.788353863381738
"hab_health",180,"seaice_edge",0.788353863381738
"hab_health",228,"saltmarsh",0.5
"hab_health",227,"saltmarsh",0.5
"hab_health",180,"saltmarsh",0.5
"hab_health",228,"seaice_shoreline",0.353200883001588
"hab_health",227,"seaice_shoreline",0.353200883001588
"hab_health",180,"seaice_shoreline",0.353200883001588
"hab_health",228,"soft_bottom",0.934666605127
"hab_health",227,"soft_bottom",0.934666605127
"hab_health",180,"soft_bottom",0.934666605127
"hab_health",181,"soft_bottom",0.935619178413
"hab_health",181,"saltmarsh",0.5
"hab_health",58,"soft_bottom",0.88754394896
"hab_health",182,"soft_bottom",0.88754394896
"hab_health",58,"seagrass",0.5
"hab_health",182,"seagrass",0.5
"hab_health",55,"soft_bottom",0.897192773925
"hab_health",183,"soft_bottom",0.897192773925
"hab_health",57,"soft_bottom",0.897192773925
"hab_health",184,"saltmarsh",1
"hab_health",184,"seagrass",0.610246840188935
"hab_health",184,"soft_bottom",0.982434599055
"hab_health",186,"soft_bottom",0.972896443414
"hab_health",187,"soft_bottom",0.972494259699
"hab_health",188,"soft_bottom",0.974856467338
"hab_health",189,"soft_bottom",1
"hab_health",189,"seaice_edge",0.795580110497688
"hab_health",189,"seaice_shoreline",0.728778467908982
"hab_health",190,"seagrass",0.855116269050631
"hab_health",190,"mangrove",1
"hab_health",190,"coral",0.984538344672957
"hab_health",190,"soft_bottom",1
"hab_health",191,"soft_bottom",0.988029381833
"hab_health",191,"coral",0.984538344672957
"hab_health",191,"mangrove",0.690909090909091
"hab_health",191,"seagrass",0.855116269050631
"hab_health",192,"soft_bottom",0.999814010137
"hab_health",192,"seagrass",0.855116269050631
"hab_health",193,"seagrass",0.258539503138599
"hab_health",193,"mangrove",0.760869565217391
"hab_health",193,"soft_bottom",1
"hab_health",194,"soft_bottom",0.979939134188
"hab_health",194,"seagrass",0.258539503138599
"hab_health",194,"mangrove",0.922459893048128
"hab_health",195,"soft_bottom",1
"hab_health",195,"mangrove",0.327814569536424
"hab_health",196,"soft_bottom",0.00728914684228
"hab_health",196,"seagrass",1
"hab_health",196,"mangrove",0.997997997997998
"hab_health",197,"soft_bottom",0.867004878257
"hab_health",197,"mangrove",0.919117647058823
"hab_health",198,"soft_bottom",0.621753490292
"hab_health",198,"mangrove",0.68649885583524
"hab_health",199,"soft_bottom",1
"hab_health",199,"mangrove",0.306122448979592
"hab_health",200,"seagrass",1
"hab_health",200,"soft_bottom",0.89362771264
"hab_health",200,"mangrove",0.622641509433962
"hab_health",202,"soft_bottom",1
"hab_health",202,"coral",0.580673354488477
"hab_health",202,"mangrove",0.822368421052632
"hab_health",202,"seagrass",0.855116269050631
"hab_health",26,"soft_bottom",0.849098395917
"hab_health",203,"soft_bottom",0.849098395917
"hab_health",26,"mangrove",0.884152358397474
"hab_health",203,"mangrove",0.884152358397474
"hab_health",26,"seagrass",0.855116269050631
"hab_health",203,"seagrass",0.855116269050631
"hab_health",26,"coral",1
"hab_health",203,"coral",1
"hab_health",204,"coral",1
"hab_health",204,"soft_bottom",0.991892088857
"hab_health",204,"mangrove",1
"hab_health",205,"coral",1
"hab_health",205,"seagrass",0.855116269050631
"hab_health",205,"mangrove",0.912691269126913
"hab_health",205,"soft_bottom",0.960680890268
"hab_health",247,"coral",1
"hab_health",206,"coral",1
"hab_health",247,"mangrove",0.838278931750742
"hab_health",206,"mangrove",0.838278931750742
"hab_health",247,"soft_bottom",0.895471741725
"hab_health",206,"soft_bottom",0.895471741725
"hab_health",247,"seagrass",0.855116269050631
"hab_health",206,"seagrass",0.855116269050631
"hab_health",207,"seagrass",0.893645547136102
"hab_health",207,"soft_bottom",0.961703076958
"hab_health",207,"mangrove",0.583317852498607
"hab_health",207,"coral",1
"hab_health",208,"seagrass",0.855116269050631
"hab_health",208,"coral",1
"hab_health",208,"mangrove",0.279329608938548
"hab_health",208,"soft_bottom",0.598465048525
"hab_health",209,"seaice_edge",1
"hab_health",209,"seagrass",0.727201968811659
"hab_health",209,"coral",0.811450896179176
"hab_health",209,"soft_bottom",0.812670839146
"hab_health",209,"saltmarsh",0.5
"hab_health",209,"seaice_shoreline",1
"hab_health",210,"seaice_edge",0.99755293116017
"hab_health",210,"seaice_shoreline",0.925553319918525
"hab_health",210,"seagrass",0.912847483095417
"hab_health",210,"coral",1
"hab_health",210,"soft_bottom",0.79953423647
"hab_health",212,"coral",1
"hab_health",148,"coral",1
"hab_health",157,"coral",1
"hab_health",212,"seagrass",0.855116269050631
"hab_health",148,"seagrass",0.855116269050631
"hab_health",157,"seagrass",0.855116269050631
"hab_health",212,"soft_bottom",0.838223722733
"hab_health",148,"soft_bottom",0.838223722733
"hab_health",157,"soft_bottom",0.838223722733
"hab_health",213,"seaice_edge",0.99055724161801
"hab_health",213,"seaice_shoreline",0.980407177159627
"hab_health",213,"soft_bottom",1
"hab_health",214,"seagrass",0.82451230316197
"hab_health",214,"coral",0.984538344672957
"hab_health",214,"mangrove",1
"hab_health",214,"soft_bottom",1
"hab_health",215,"seagrass",0.855116269050631
"hab_health",215,"coral",0.984538344672957
"hab_health",216,"seagrass",0.721897450142865
"hab_health",216,"soft_bottom",0.962794559433
"hab_health",216,"coral",1
"hab_health",216,"mangrove",0.69047619047619
"hab_health",218,"seaice_shoreline",0.951255305259725
"hab_health",218,"soft_bottom",1
"hab_health",218,"seaice_edge",0.928942942418362
"hab_health",218,"saltmarsh",0.5
"hab_health",218,"seagrass",1
"hab_health",219,"soft_bottom",1
"hab_health",219,"seaice_edge",0.480480480481096
"hab_health",219,"seaice_shoreline",0
"hab_health",222,"seaice_shoreline",0.711297071129552
"hab_health",222,"seagrass",1
"hab_health",222,"seaice_edge",0.863765515177174
"hab_health",222,"saltmarsh",0.5
"hab_health",222,"soft_bottom",1
"hab_health",144,"seaice_edge",0.834291983686432
"hab_health",105,"seaice_edge",0.834291983686432
"hab_health",223,"seaice_edge",0.834291983686432
"hab_health",144,"seaice_shoreline",0.821937057011955
"hab_health",105,"seaice_shoreline",0.821937057011955
"hab_health",223,"seaice_shoreline",0.821937057011955
"hab_health",144,"soft_bottom",0.921047292093
"hab_health",105,"soft_bottom",0.921047292093
"hab_health",223,"soft_bottom",0.921047292093
"hab_health",224,"soft_bottom",0.840083991778
"hab_health",231,"seagrass",0.855116269050631
"hab_health",237,"seagrass",0.855116269050631
"hab_health",231,"mangrove",0.423529411764706
"hab_health",237,"mangrove",0.423529411764706
"hab_health",231,"soft_bottom",1
"hab_health",237,"soft_bottom",1
"hab_health",231,"coral",1
"hab_health",237,"coral",1
"hab_health",232,"soft_bottom",0.701691962123
"hab_trend",1,"soft_bottom",0.00301355031011294
"hab_trend",3,"soft_bottom",0.00301355031011294
"hab_trend",2,"soft_bottom",0.00301355031011294
"hab_trend",1,"seaice_edge",-0.122887864823
"hab_trend",3,"seaice_edge",-0.122887864823
"hab_trend",2,"seaice_edge",-0.122887864823
"hab_trend",1,"coral",0.0681151579033718
"hab_trend",3,"coral",0.0681151579033718
"hab_trend",2,"coral",0.0681151579033718
"hab_trend",4,"soft_bottom",0.00236105103353371
"hab_trend",94,"soft_bottom",0.00236105103353371
"hab_trend",5,"mangrove",-1
"hab_trend",5,"soft_bottom",0
"hab_trend",5,"coral",-0.0786428796215429
"hab_trend",6,"mangrove",-0.833333333333333
"hab_trend",6,"soft_bottom",0
"hab_trend",7,"coral",0.208180059523813
"hab_trend",7,"mangrove",-1
"hab_trend",7,"soft_bottom",0
"hab_trend",8,"mangrove",1
"hab_trend",8,"seagrass",-1
"hab_trend",8,"soft_bottom",0
"hab_trend",8,"coral",-0.0445193452381374
"hab_trend",9,"mangrove",0
"hab_trend",9,"coral",-0.0252867870223818
"hab_trend",9,"soft_bottom",0
"hab_trend",9,"seagrass",1
"hab_trend",10,"soft_bottom",0
"hab_trend",11,"soft_bottom",0
"hab_trend",14,"soft_bottom",-0.010611091249822
"hab_trend",14,"coral",-0.0139744103773616
"hab_trend",15,"seagrass",-1
"hab_trend",15,"coral",0.00811643101027029
"hab_trend",15,"soft_bottom",-0.00857575797168205
"hab_trend",15,"mangrove",-0.932203389830508
"hab_trend",16,"coral",-0.0190278366425452
"hab_trend",16,"seagrass",1
"hab_trend",16,"saltmarsh",0.5
"hab_trend",16,"mangrove",-0.0240054869684499
"hab_trend",16,"soft_bottom",0
"hab_trend",17,"coral",-0.158933368978923
"hab_trend",17,"seagrass",1
"hab_trend",17,"mangrove",-1
"hab_trend",17,"soft_bottom",0
"hab_trend",18,"coral",0.00725339729542755
"hab_trend",18,"soft_bottom",0.0152289011478258
"hab_trend",18,"mangrove",-1
"hab_trend",18,"seagrass",-1
"hab_trend",19,"soft_bottom",0
"hab_trend",19,"coral",0.0550549450549175
"hab_trend",20,"seagrass",-1
"hab_trend",20,"soft_bottom",0.0178166905298851
"hab_trend",21,"soft_bottom",0.0476700972191923
"hab_trend",21,"seaice_edge",0.058308282847
"hab_trend",21,"seaice_shoreline",0.0324911452184
"hab_trend",24,"coral",-0.212525000000005
"hab_trend",24,"soft_bottom",-0.0109606890251771
"hab_trend",24,"mangrove",-1
"hab_trend",25,"mangrove",-0.714285714285714
"hab_trend",25,"soft_bottom",0.0113387324326184
"hab_trend",25,"seagrass",-1
"hab_trend",25,"coral",0.0134611882146353
"hab_trend",28,"soft_bottom",0
"hab_trend",32,"mangrove",0
"hab_trend",35,"mangrove",0
"hab_trend",36,"mangrove",0
"hab_trend",30,"mangrove",0
"hab_trend",29,"mangrove",0
"hab_trend",34,"mangrove",0
"hab_trend",33,"mangrove",0
"hab_trend",32,"coral",0.0923117094017261
"hab_trend",35,"coral",0.0923117094017261
"hab_trend",36,"coral",0.0923117094017261
"hab_trend",30,"coral",0.0923117094017261
"hab_trend",29,"coral",0.0923117094017261
"hab_trend",34,"coral",0.0923117094017261
"hab_trend",33,"coral",0.0923117094017261
"hab_trend",32,"soft_bottom",0
"hab_trend",35,"soft_bottom",0
"hab_trend",36,"soft_bottom",0
"hab_trend",30,"soft_bottom",0
"hab_trend",29,"soft_bottom",0
"hab_trend",34,"soft_bottom",0
"hab_trend",33,"soft_bottom",0
"hab_trend",31,"soft_bottom",0
"hab_trend",31,"coral",-0.163570313720881
"hab_trend",31,"mangrove",0
"hab_trend",37,"coral",-0.0146613433666986
"hab_trend",37,"soft_bottom",0
"hab_trend",38,"soft_bottom",0
"hab_trend",39,"soft_bottom",0
"hab_trend",39,"coral",0.0257243055555461
"hab_trend",39,"mangrove",-0.579138710149137
"hab_trend",40,"coral",0.834249999998065
"hab_trend",40,"soft_bottom",0
"hab_trend",40,"mangrove",-0.416666666666667
"hab_trend",41,"mangrove",-0.152795031055901
"hab_trend",41,"coral",-0.196947089947181
"hab_trend",41,"soft_bottom",-0.00626773568607556
"hab_trend",42,"coral",0.357142857142641
"hab_trend",42,"mangrove",-0.454545454545455
"hab_trend",42,"seagrass",-1
"hab_trend",42,"soft_bottom",0.00358715798314993
"hab_trend",43,"soft_bottom",0
"hab_trend",43,"coral",-0.0235814793334537
"hab_trend",43,"mangrove",-0.429616087751371
"hab_trend",44,"mangrove",-1
"hab_trend",44,"soft_bottom",0
"hab_trend",45,"soft_bottom",0
"hab_trend",45,"mangrove",-0.223880597014925
"hab_trend",46,"soft_bottom",0
"hab_trend",47,"coral",0.328166666666776
"hab_trend",47,"mangrove",-0.5
"hab_trend",47,"soft_bottom",-0.0280220134002212
"hab_trend",48,"soft_bottom",0.00178977146459233
"hab_trend",49,"mangrove",0
"hab_trend",49,"soft_bottom",0.00183199397898057
"hab_trend",50,"mangrove",-0.238095238095238
"hab_trend",50,"soft_bottom",-0.0121435640640335
"hab_trend",51,"soft_bottom",-0.00556507257750213
"hab_trend",52,"mangrove",-1
"hab_trend",52,"coral",-0.320940000000064
"hab_trend",52,"soft_bottom",-0.0219704885974005
"hab_trend",53,"mangrove",-1
"hab_trend",53,"soft_bottom",0.0285286328410924
"hab_trend",54,"mangrove",0.857142857142857
"hab_trend",54,"soft_bottom",0
"hab_trend",56,"soft_bottom",-0.00534221404467687
"hab_trend",59,"saltmarsh",0.5
"hab_trend",59,"soft_bottom",-0.0207452559240794
"hab_trend",60,"soft_bottom",0
"hab_trend",61,"soft_bottom",0.047904198547864
"hab_trend",62,"soft_bottom",0.0239943232067855
"hab_trend",63,"soft_bottom",0.0466445690177525
"hab_trend",64,"soft_bottom",0.0237524472939272
"hab_trend",65,"mangrove",-0.880681818181818
"hab_trend",65,"soft_bottom",-0.0138874193656929
"hab_trend",66,"soft_bottom",0.0303865012583195
"hab_trend",66,"mangrove",-1
"hab_trend",67,"soft_bottom",0
"hab_trend",68,"soft_bottom",-0.0911959094214364
"hab_trend",69,"seaice_edge",0.00576137386607
"hab_trend",69,"saltmarsh",0
"hab_trend",69,"seaice_shoreline",-0.0368835198936
"hab_trend",69,"soft_bottom",0
"hab_trend",70,"seaice_shoreline",-0.0932408187969
"hab_trend",70,"soft_bottom",0
"hab_trend",70,"saltmarsh",0.5
"hab_trend",70,"seaice_edge",-0.0588242675199
"hab_trend",71,"soft_bottom",0
"hab_trend",72,"soft_bottom",0
"hab_trend",73,"seaice_shoreline",-0.00803650672229
"hab_trend",73,"soft_bottom",0.00122922795361817
"hab_trend",73,"seaice_edge",0.00639685910243
"hab_trend",74,"soft_bottom",0
"hab_trend",75,"soft_bottom",-0.00210156105735916
"hab_trend",76,"soft_bottom",-0.0339625972441614
"hab_trend",77,"soft_bottom",0.0182491220531076
"hab_trend",78,"soft_bottom",-0.0259526957947639
"hab_trend",79,"seagrass",1
"hab_trend",79,"soft_bottom",-0.0136358488546518
"hab_trend",80,"soft_bottom",-0.0236174820969436
"hab_trend",81,"soft_bottom",0.0310296035403596
"hab_trend",82,"soft_bottom",0.0171583072965621
"hab_trend",84,"soft_bottom",-0.0151400894326452
"hab_trend",92,"soft_bottom",0
"hab_trend",93,"soft_bottom",0
"hab_trend",91,"soft_bottom",0
"hab_trend",86,"soft_bottom",0.0255148637862433
"hab_trend",88,"soft_bottom",0.0255148637862433
"hab_trend",95,"soft_bottom",0.0255148637862433
"hab_trend",85,"soft_bottom",0.0255148637862433
"hab_trend",89,"soft_bottom",0.0255148637862433
"hab_trend",86,"seaice_edge",-0.0563405584667
"hab_trend",88,"seaice_edge",-0.0563405584667
"hab_trend",95,"seaice_edge",-0.0563405584667
"hab_trend",85,"seaice_edge",-0.0563405584667
"hab_trend",89,"seaice_edge",-0.0563405584667
"hab_trend",96,"soft_bottom",-0.0517016134274724
"hab_trend",96,"mangrove",-1
"hab_trend",97,"mangrove",-1
"hab_trend",97,"soft_bottom",-0.0107317992383503
"hab_trend",98,"soft_bottom",0.0492567212086648
"hab_trend",100,"soft_bottom",-0.0460268052799317
"hab_trend",100,"mangrove",-1
"hab_trend",101,"soft_bottom",0.0214314321949912
"hab_trend",90,"coral",0.222089285714203
"hab_trend",102,"coral",0.222089285714203
"hab_trend",90,"soft_bottom",-0.000620837856937821
"hab_trend",102,"soft_bottom",-0.000620837856937821
"hab_trend",90,"mangrove",-0.714285714285714
"hab_trend",102,"mangrove",-0.714285714285714
"hab_trend",103,"soft_bottom",-0.00830258801233001
"hab_trend",104,"soft_bottom",0
"hab_trend",104,"mangrove",-0.318352059925094
"hab_trend",106,"soft_bottom",-0.0319541866358902
"hab_trend",106,"mangrove",-1
"hab_trend",107,"soft_bottom",-0.00825019714067734
"hab_trend",110,"soft_bottom",0
"hab_trend",110,"mangrove",-1
"hab_trend",110,"coral",-0.0293598722376578
"hab_trend",112,"coral",0.0826310208803699
"hab_trend",112,"mangrove",0.0939709713435058
"hab_trend",112,"soft_bottom",0
"hab_trend",114,"soft_bottom",-0.0186057642276864
"hab_trend",114,"mangrove",-1
"hab_trend",115,"mangrove",-1
"hab_trend",115,"soft_bottom",0.0110840083992419
"hab_trend",115,"coral",0.0266580554041881
"hab_trend",116,"mangrove",0.71875
"hab_trend",116,"soft_bottom",-0.000269549015987044
"hab_trend",116,"coral",-0.0205423856133308
"hab_trend",121,"mangrove",-0.150888293988805
"hab_trend",108,"mangrove",-0.150888293988805
"hab_trend",117,"mangrove",-0.150888293988805
"hab_trend",111,"mangrove",-0.150888293988805
"hab_trend",113,"mangrove",-0.150888293988805
"hab_trend",118,"mangrove",-0.150888293988805
"hab_trend",121,"soft_bottom",0
"hab_trend",108,"soft_bottom",0
"hab_trend",117,"soft_bottom",0
"hab_trend",111,"soft_bottom",0
"hab_trend",113,"soft_bottom",0
"hab_trend",118,"soft_bottom",0
"hab_trend",121,"coral",-0.0315922209767727
"hab_trend",108,"coral",-0.0315922209767727
"hab_trend",117,"coral",-0.0315922209767727
"hab_trend",111,"coral",-0.0315922209767727
"hab_trend",113,"coral",-0.0315922209767727
"hab_trend",118,"coral",-0.0315922209767727
"hab_trend",121,"seagrass",-1
"hab_trend",108,"seagrass",-1
"hab_trend",117,"seagrass",-1
"hab_trend",111,"seagrass",-1
"hab_trend",113,"seagrass",-1
"hab_trend",118,"seagrass",-1
"hab_trend",119,"soft_bottom",0
"hab_trend",120,"soft_bottom",0
"hab_trend",120,"coral",-0.218499999999722
"hab_trend",122,"coral",-0.0441202256944334
"hab_trend",122,"soft_bottom",0
"hab_trend",123,"coral",-0.265625000000114
"hab_trend",123,"soft_bottom",0.00387396665298313
"hab_trend",124,"coral",0.0417666882711084
"hab_trend",124,"soft_bottom",0
"hab_trend",125,"mangrove",-1
"hab_trend",125,"soft_bottom",0
"hab_trend",126,"soft_bottom",0
"hab_trend",126,"coral",0.0953357142856735
"hab_trend",126,"mangrove",-0.333333333333333
"hab_trend",127,"soft_bottom",0
"hab_trend",127,"coral",-0.0468161962365435
"hab_trend",249,"soft_bottom",0
"hab_trend",220,"soft_bottom",0
"hab_trend",244,"soft_bottom",0
"hab_trend",250,"soft_bottom",0
"hab_trend",245,"soft_bottom",0
"hab_trend",248,"soft_bottom",0
"hab_trend",249,"mangrove",-0.614035087719298
"hab_trend",220,"mangrove",-0.614035087719298
"hab_trend",244,"mangrove",-0.614035087719298
"hab_trend",250,"mangrove",-0.614035087719298
"hab_trend",245,"mangrove",-0.614035087719298
"hab_trend",248,"mangrove",-0.614035087719298
"hab_trend",249,"coral",0.0328218143293433
"hab_trend",220,"coral",0.0328218143293433
"hab_trend",244,"coral",0.0328218143293433
"hab_trend",250,"coral",0.0328218143293433
"hab_trend",245,"coral",0.0328218143293433
"hab_trend",248,"coral",0.0328218143293433
"hab_trend",129,"soft_bottom",0.0597472916172895
"hab_trend",129,"coral",0.0466194567949854
"hab_trend",129,"mangrove",-1
"hab_trend",130,"coral",0.0290404985306396
"hab_trend",130,"mangrove",-1
"hab_trend",130,"soft_bottom",-0.00647991435419369
"hab_trend",131,"mangrove",-1
"hab_trend",131,"soft_bottom",-0.000374101685814648
"hab_trend",131,"coral",0.00186016096581048
"hab_trend",132,"seagrass",-0.725000000222484
"hab_trend",132,"mangrove",-1
"hab_trend",132,"coral",-0.0093518584187365
"hab_trend",132,"soft_bottom",0.006092558006501
"hab_trend",133,"coral",0.0564644076135952
"hab_trend",133,"soft_bottom",0
"hab_trend",133,"mangrove",-1
"hab_trend",134,"mangrove",-1
"hab_trend",134,"soft_bottom",0.00138295692228158
"hab_trend",135,"seagrass",-1
"hab_trend",135,"soft_bottom",0.00353120447280595
"hab_trend",135,"mangrove",-1
"hab_trend",135,"coral",0.0307504109245894
"hab_trend",136,"mangrove",-0.295698924731183
"hab_trend",136,"soft_bottom",0.00116840998747475
"hab_trend",137,"soft_bottom",-0.033513186974146
"hab_trend",137,"mangrove",-1
"hab_trend",138,"mangrove",-1
"hab_trend",138,"soft_bottom",0.0130178728321057
"hab_trend",139,"coral",-0.0352240933408147
"hab_trend",139,"soft_bottom",-0.00672233183771217
"hab_trend",139,"mangrove",-0.701923076923077
"hab_trend",221,"soft_bottom",0.0016342530670088
"hab_trend",140,"soft_bottom",0.0016342530670088
"hab_trend",221,"mangrove",-0.153061224489796
"hab_trend",140,"mangrove",-0.153061224489796
"hab_trend",221,"coral",0.0368142857142718
"hab_trend",140,"coral",0.0368142857142718
"hab_trend",143,"seaice_shoreline",-0.106193885669
"hab_trend",143,"seaice_edge",-0.0842684379141
"hab_trend",143,"soft_bottom",-0.035142898530813
"hab_trend",147,"soft_bottom",0
"hab_trend",161,"soft_bottom",0
"hab_trend",147,"coral",0.0073649118829262
"hab_trend",161,"coral",0.0073649118829262
"hab_trend",149,"soft_bottom",0.0655227855181909
"hab_trend",151,"coral",-0.0245904234417265
"hab_trend",158,"coral",-0.0245904234417265
"hab_trend",13,"coral",-0.0245904234417265
"hab_trend",151,"soft_bottom",-0.069328393728245
"hab_trend",158,"soft_bottom",-0.069328393728245
"hab_trend",13,"soft_bottom",-0.069328393728245
"hab_trend",152,"coral",0.0793965517241931
"hab_trend",155,"soft_bottom",0
"hab_trend",155,"mangrove",-0.666666666666667
"hab_trend",159,"soft_bottom",0.00803441437407552
"hab_trend",12,"soft_bottom",0.00803441437407552
"hab_trend",150,"soft_bottom",0.00803441437407552
"hab_trend",156,"saltmarsh",0
"hab_trend",162,"saltmarsh",0
"hab_trend",154,"saltmarsh",0
"hab_trend",153,"saltmarsh",0
"hab_trend",156,"mangrove",-0.32258064516129
"hab_trend",162,"mangrove",-0.32258064516129
"hab_trend",154,"mangrove",-0.32258064516129
"hab_trend",153,"mangrove",-0.32258064516129
"hab_trend",156,"soft_bottom",0.0376474037665979
"hab_trend",162,"soft_bottom",0.0376474037665979
"hab_trend",154,"soft_bottom",0.0376474037665979
"hab_trend",153,"soft_bottom",0.0376474037665979
"hab_trend",156,"coral",-0.42666666666643
"hab_trend",162,"coral",-0.42666666666643
"hab_trend",154,"coral",-0.42666666666643
"hab_trend",153,"coral",-0.42666666666643
"hab_trend",163,"seagrass",-1
"hab_trend",163,"coral",-0.0265959528457377
"hab_trend",163,"mangrove",-1
"hab_trend",163,"seaice_shoreline",0.0126306020994
"hab_trend",163,"saltmarsh",0
"hab_trend",163,"seaice_edge",0.00476142137779
"hab_trend",163,"soft_bottom",0.00786545285137392
"hab_trend",164,"mangrove",-0.159235668789809
"hab_trend",164,"seagrass",1
"hab_trend",164,"soft_bottom",-0.0080194023841094
"hab_trend",164,"coral",-0.12937610998057
"hab_trend",166,"mangrove",-1
"hab_trend",166,"coral",-0.0392247938682406
"hab_trend",166,"soft_bottom",0.00387364675199413
"hab_trend",167,"soft_bottom",0.0171387926377411
"hab_trend",167,"mangrove",-0.604395604395604
"hab_trend",168,"mangrove",-0.0260869565217391
"hab_trend",168,"soft_bottom",0.00768465155990617
"hab_trend",169,"mangrove",0
"hab_trend",169,"soft_bottom",0
"hab_trend",171,"coral",0.0706861848858446
"hab_trend",171,"mangrove",-0.238095238095238
"hab_trend",171,"soft_bottom",0.00137806855837837
"hab_trend",171,"seagrass",-1
"hab_trend",172,"soft_bottom",-0.00344863835683403
"hab_trend",173,"soft_bottom",-0.00834836350570965
"hab_trend",174,"seaice_shoreline",-0.0565176617693
"hab_trend",174,"seaice_edge",-0.0530384729143
"hab_trend",174,"soft_bottom",0
"hab_trend",145,"seaice_shoreline",0.00685961397109
"hab_trend",175,"seaice_shoreline",0.00685961397109
"hab_trend",141,"seaice_shoreline",0.00685961397109
"hab_trend",145,"seaice_edge",-0.00155961446599
"hab_trend",175,"seaice_edge",-0.00155961446599
"hab_trend",141,"seaice_edge",-0.00155961446599
"hab_trend",145,"soft_bottom",0.047926722464451
"hab_trend",175,"soft_bottom",0.047926722464451
"hab_trend",141,"soft_bottom",0.047926722464451
"hab_trend",176,"seaice_shoreline",0.0112001473704
"hab_trend",176,"soft_bottom",0.092387620844723
"hab_trend",176,"saltmarsh",0.5
"hab_trend",176,"seaice_edge",0.0184073629452
"hab_trend",177,"soft_bottom",0.0510659979007046
"hab_trend",177,"seaice_edge",-0.0380952380952
"hab_trend",177,"saltmarsh",0.5
"hab_trend",177,"seagrass",1
"hab_trend",178,"soft_bottom",0.000225037743803114
"hab_trend",178,"saltmarsh",0
"hab_trend",178,"seaice_edge",-0.000307219662058
"hab_trend",178,"seaice_shoreline",0.00499609679938
"hab_trend",179,"seaice_edge",-0.0439757110898
"hab_trend",179,"soft_bottom",0.0219755076375025
"hab_trend",179,"seagrass",1
"hab_trend",179,"saltmarsh",0
"hab_trend",227,"seaice_shoreline",0.0311393431545
"hab_trend",228,"seaice_shoreline",0.0311393431545
"hab_trend",180,"seaice_shoreline",0.0311393431545
"hab_trend",227,"seaice_edge",0.107076201141
"hab_trend",228,"seaice_edge",0.107076201141
"hab_trend",180,"seaice_edge",0.107076201141
"hab_trend",227,"soft_bottom",0.0245681028942012
"hab_trend",228,"soft_bottom",0.0245681028942012
"hab_trend",180,"soft_bottom",0.0245681028942012
"hab_trend",227,"saltmarsh",0
"hab_trend",228,"saltmarsh",0
"hab_trend",180,"saltmarsh",0
"hab_trend",181,"saltmarsh",0
"hab_trend",181,"soft_bottom",0.0211552781568441
"hab_trend",182,"soft_bottom",0.0100957741874265
"hab_trend",58,"soft_bottom",0.0100957741874265
"hab_trend",55,"soft_bottom",0.0283875527210988
"hab_trend",183,"soft_bottom",0.0283875527210988
"hab_trend",57,"soft_bottom",0.0283875527210988
"hab_trend",184,"saltmarsh",0.5
"hab_trend",184,"soft_bottom",-0.00373265362231039
"hab_trend",186,"soft_bottom",-0.0170190712448121
"hab_trend",187,"soft_bottom",0.00830121037281407
"hab_trend",188,"soft_bottom",0.00947750583734541
"hab_trend",189,"seaice_edge",-0.0681925808998
"hab_trend",189,"seaice_shoreline",-0.0813960366755
"hab_trend",189,"soft_bottom",0
"hab_trend",190,"mangrove",0
"hab_trend",190,"soft_bottom",0
"hab_trend",191,"soft_bottom",-0.00326884595935033
"hab_trend",191,"mangrove",-1
"hab_trend",192,"soft_bottom",-0.000396774595303993
"hab_trend",193,"mangrove",-1
"hab_trend",193,"soft_bottom",0
"hab_trend",194,"soft_bottom",0.00499370177359586
"hab_trend",194,"mangrove",-0.387700534759358
"hab_trend",195,"mangrove",-1
"hab_trend",195,"soft_bottom",0.00853064595555354
"hab_trend",196,"soft_bottom",-0.00831491047890831
"hab_trend",196,"mangrove",-0.01001001001001
"hab_trend",197,"mangrove",-0.404411764705882
"hab_trend",197,"soft_bottom",-0.0591527675704648
"hab_trend",198,"soft_bottom",-0.042305882022317
"hab_trend",198,"mangrove",-1
"hab_trend",199,"soft_bottom",0
"hab_trend",199,"mangrove",-1
"hab_trend",200,"mangrove",-1
"hab_trend",200,"soft_bottom",-0.015781149547062
"hab_trend",202,"soft_bottom",-0.000161104766275024
"hab_trend",202,"coral",0.22124531624698
"hab_trend",202,"mangrove",-0.888157894736842
"hab_trend",202,"seagrass",-1
"hab_trend",203,"mangrove",-0.579238208012631
"hab_trend",26,"mangrove",-0.579238208012631
"hab_trend",203,"soft_bottom",-0.0167934759544247
"hab_trend",26,"soft_bottom",-0.0167934759544247
"hab_trend",203,"coral",0.178472979597135
"hab_trend",26,"coral",0.178472979597135
"hab_trend",204,"mangrove",0.560747663551402
"hab_trend",204,"soft_bottom",-0.00860494286877968
"hab_trend",205,"mangrove",-0.436543654365437
"hab_trend",205,"coral",0.0327347217528618
"hab_trend",205,"soft_bottom",0.00930821394181943
"hab_trend",206,"soft_bottom",0.00432207905431001
"hab_trend",247,"soft_bottom",0.00432207905431001
"hab_trend",206,"seagrass",-1
"hab_trend",247,"seagrass",-1
"hab_trend",206,"coral",0.0277553993947816
"hab_trend",247,"coral",0.0277553993947816
"hab_trend",206,"mangrove",-0.808605341246291
"hab_trend",247,"mangrove",-0.808605341246291
"hab_trend",207,"coral",-0.011148287522031
"hab_trend",207,"mangrove",-1
"hab_trend",207,"soft_bottom",-0.00553249620272601
"hab_trend",208,"mangrove",-1
"hab_trend",208,"coral",-0.00190384615385623
"hab_trend",208,"soft_bottom",-0.0277776938580376
"hab_trend",209,"coral",-0.0211565702096627
"hab_trend",209,"soft_bottom",0.00828994952393086
"hab_trend",209,"seaice_shoreline",0.0225268216739
"hab_trend",209,"seaice_edge",0.0297475758646
"hab_trend",209,"seagrass",-1
"hab_trend",209,"saltmarsh",0
"hab_trend",210,"coral",0.0182854236195413
"hab_trend",210,"seaice_shoreline",-0.0627766599598
"hab_trend",210,"soft_bottom",-0.0290054689560618
"hab_trend",210,"seaice_edge",-0.0276989953339
"hab_trend",148,"soft_bottom",-0.00923320628706798
"hab_trend",212,"soft_bottom",-0.00923320628706798
"hab_trend",157,"soft_bottom",-0.00923320628706798
"hab_trend",213,"seaice_edge",0.00351993509031
"hab_trend",213,"soft_bottom",0
"hab_trend",213,"seaice_shoreline",-0.00198439589147
"hab_trend",214,"soft_bottom",0.00217577782833749
"hab_trend",214,"mangrove",0
"hab_trend",214,"coral",-0.000941042544469324
"hab_trend",215,"coral",-0.240237499999694
"hab_trend",216,"soft_bottom",0.0024605589049835
"hab_trend",216,"seagrass",-1
"hab_trend",216,"mangrove",-1
"hab_trend",216,"coral",0.0148389229099957
"hab_trend",218,"seaice_edge",0.010933910966
"hab_trend",218,"seaice_shoreline",-0.00356719505661
"hab_trend",218,"soft_bottom",0
"hab_trend",218,"saltmarsh",0
"hab_trend",219,"soft_bottom",0
"hab_trend",219,"seaice_edge",-0.212326612327
"hab_trend",219,"seaice_shoreline",-0.507936507937
"hab_trend",222,"seaice_shoreline",-0.0141860928472
"hab_trend",222,"saltmarsh",0
"hab_trend",222,"seaice_edge",0.0200645175073
"hab_trend",222,"soft_bottom",0.00174149338133811
"hab_trend",105,"seaice_shoreline",-0.0227281985883
"hab_trend",223,"seaice_shoreline",-0.0227281985883
"hab_trend",144,"seaice_shoreline",-0.0227281985883
"hab_trend",105,"soft_bottom",-0.0126805113839163
"hab_trend",223,"soft_bottom",-0.0126805113839163
"hab_trend",144,"soft_bottom",-0.0126805113839163
"hab_trend",105,"seaice_edge",-0.0634186276346
"hab_trend",223,"seaice_edge",-0.0634186276346
"hab_trend",144,"seaice_edge",-0.0634186276346
"hab_trend",224,"soft_bottom",-0.0872828257568125
"hab_trend",231,"mangrove",-1
"hab_trend",237,"mangrove",-1
"hab_trend",231,"soft_bottom",0.203612638803038
"hab_trend",237,"soft_bottom",0.203612638803038
"hab_trend",232,"soft_bottom",-0.0198028600647203
